operator_id,vehicle_id,vehicle_type,status,locked,start_time,end_time,start_pos,end_pos,driven_distance,start_soc,end_soc,charging_power,charging_unit,toll,rq_on_board,occupancy,rq_boarding,rq_alighting,route,trajectory
1,0,default_vehtype,boarding,True,180,210,2966;-1;-1,2966;-1;-1,0.0,0.916309922773969,0.916309922773969,0,,0,1;0,2,1;0,,,
1,2,default_vehtype,boarding,True,360,390,2982;-1;-1,2982;-1;-1,0.0,0.7724415914984484,0.7724415914984484,0,,0,3,1,3,,,
1,0,default_vehtype,route,False,210.0,488.9138289902776,2966;-1;-1,2988;-1;-1,2634.732771078847,0.916309922773969,0.9160464494968612,0.0,,0,1;0,2,,,2966;2743;2631;2150;735;738;1096;3736;81;831;2413;1146;832;1880;1340;3638;3641;7177;5275;5297;5072;1464;2847;5825;4587;5794;3202;2065;2023;4203;4198;1071;1070;1069;1067;1504;4396;710;2281;4664;6260;3300;1832;708;6180;2405;6169;2744;2567;2576;3077;3241;88;2758;2742;2448;2353;6140;7386;3742;7100;6318;737;6639;2446;2301;1992;1990;1988;1985;3729;5498;5496;5699;5494;6307;374;7114;3246;5330;661;445;6080;7381;364;3029;69;30;3346;2832;2207;2988,2966:210;2743:217.84382829039959;2631:221.85525686182817;2150:238.78554257611387;735:249.2677140046853;738:255.43554257611387;1096:264.9745140046853;3736:265.2375300046853;81:269.0864340046853;831:279.9330180046853;2413:280.92071400468535;1146:281.73409800468534;832:282.54251400468536;1880:285.14020200468536;1340:296.6730180046854;3638:297.6594900046854;3641:298.7230740046854;7177:302.30147400468536;5275:306.8107620046854;5297:310.18957800468536;5072:310.41983400468536;1464:317.36034600468537;2847:318.4310580046854;5825:321.32970600468536;4587:323.61001800468534;5794:325.2301620046853;3202:329.3515140046853;2065:334.4957700046853;2023:340.05409800468533;4203:340.85488200468535;4198:341.83653000468536;1071:342.83905800468534;1070:357.3023460046853;1069:358.04063400468533;1067:360.70269000468534;1504:365.15646600468534;4396:365.38276200468533;710:365.93341800468534;2281:366.93911400468534;4664:370.81710600468534;6260:371.26300200468535;3300:371.86211400468534;1832:374.6523300046853;708:375.1913940046853;6180:375.6148260046853;2405:377.8372260046853;6169:381.3143460046853;2744:385.9149060046853;2567:387.7578660046853;2576:396.2464260046853;3077:398.3790660046853;3241:401.50794600468527;88:403.4347860046853;2758:405.3982260046853;2742:405.80466600468526;2448:408.99030600468524;2353:415.1911860046852;6140:420.3622260046852;7386:421.70466600468524;3742:429.36366600468523;7100:429.90330600468525;6318:430.3813860046852;737:431.29710600468525;6639:433.14630600468524;2446:434.71758600468524;2301:437.0146260046852;1992:438.0396660046852;1990:439.7365860046852;1988:442.1905860046852;1985:445.7123460046852;3729:448.0597860046852;5498:449.4571860046852;5496:452.3644260046852;5699:453.06186600468516;5494:454.1656260046852;6307:454.38246600468517;374:462.68346600468516;7114:464.89847400468517;3246:466.03629000468516;5330:466.78386600468514;661:467.77530600468515;445:470.80499400468517;6080:473.62840200468514;7381:474.03729000468513;364:474.47267400468513;3029:476.4968820046851;69:480.62916771897085;30:484.7614534332566;3346:486.78566143325656;2832:487.22104543325656;2207:487.62993343325655;2988:488.9138289902776
1,0,default_vehtype,boarding,True,488.9138289902776,518.9138289902776,2988;-1;-1,2988;-1;-1,0.0,0.9160464494968612,0.9160464494968612,0.0,,0,1;0,2,,0,,
1,0,default_vehtype,route,False,518.9138289902776,556.3414221225929,2988;-1;-1,2973;-1;-1,519.8276823932699,0.9160464494968612,0.9159944667286218,0.0,,0,1,1,,,2988;3447;6082;7383;364;3029;3886;5711;6045;2157;4817;456;5901;7605;2830;1420;1084;2973,2988:518.9138289902776;3447:520.4533414332566;6082:523.2767494332566;7383:523.6856374332566;364:524.1210214332566;3029:526.1452294332566;3886:526.6432534332566;5711:529.1828374332566;6045:530.5771174332566;2157:534.7656454332566;4817:535.2424294332566;456:535.8573094332565;5901:536.6128774332566;7605:540.0845734332565;2830:540.3139654332565;1420:552.0190774332565;1084:555.5540614332565;2973:556.3414221225929
1,0,default_vehtype,boarding,True,556.3414221225929,586.3414221225929,2973;-1;-1,2973;-1;-1,0.0,0.9159944667286218,0.9159944667286218,0.0,,0,1,1,,1,,
1,2,default_vehtype,route,False,390.0,548.1393886097674,2982;-1;-1,2980;-1;-1,1274.3900625592087,0.7724415914984484,0.7723141524921924,0.0,,0,3,1,,,2982;2809;4365;7288;1182;1001;6296;1434;3820;3877;2787;4993;6537;7281;2307;3549;6384;4032;1804;4811;5237;608;459;2416;4011;5246;363;366;2314;2877;1748;1743;1157;2058;2092;915;2980,2982:390;2809:395.7009673454251;4365:403.2820873454251;7288:404.4052873454251;1182:405.3222073454251;1001:410.6133673454251;6296:412.97268734542513;1434:418.9317673454251;3820:424.0404073454251;3877:425.94828734542506;2787:434.7408073454251;4993:435.7898473454251;6537:441.5896873454251;7281:447.4248073454251;2307:450.9435673454251;3549:456.5808073454251;6384:456.8426473454251;4032:460.0642873454251;1804:460.9801993454251;4811:462.6628393454251;5237:467.4033193454251;608:476.2693993454251;459:476.5991593454251;2416:478.8127993454251;4011:479.4769273454251;5246:485.4020953454251;363:492.3107833454251;366:493.7158633454251;2314:494.8607353454251;2877:508.0318393454251;1748:509.1503593454251;1743:516.9047593454251;1157:521.6439022025679;2058:527.4337307739964;2092:530.8228736311393;915:535.9410450597106;2980:548.1393886097674
1,2,default_vehtype,boarding,True,548.1393886097674,578.1393886097674,2980;-1;-1,2980;-1;-1,0.0,0.7723141524921924,0.7723141524921924,0.0,,0,3,1,,3,,
1,1,default_vehtype,route,False,840.0,860.8907075530442,2992;-1;-1,2993;-1;-1,290.1487160145031,0.6917207594128889,0.6916917445412875,0.0,,0,,0,,,2992;2526;3895;5465;7450;2993,2992:840;2526:849.2022475349454;3895:850.4692315349454;5465:858.0011515349454;7450:858.9853915349454;2993:860.8907075530442
1,1,default_vehtype,boarding,True,860.8907075530442,890.8907075530442,2993;-1;-1,2993;-1;-1,0.0,0.6916917445412875,0.6916917445412875,0.0,,0,6,1,6,,,
1,1,default_vehtype,route,False,890.8907075530442,1099.6150025205377,2993;-1;-1,2988;-1;-1,2316.5181602628086,0.6916917445412875,0.6914600927252612,0.0,,0,6,1,,,2993;4483;7446;1960;816;6786;5444;1716;2720;4210;1711;98;2497;7434;2760;542;1074;1071;1070;1069;1067;1504;4396;710;2281;4664;6260;3300;1832;708;6180;2405;6169;2744;2567;2576;3077;3241;88;2758;2742;2448;2353;6140;7386;3742;7100;6318;737;6639;2446;2301;1992;1990;1988;1985;3729;5498;5496;5699;5494;6307;374;7114;3246;5330;661;445;6080;7381;364;3029;69;30;3346;2832;2207;2988,2993:890.8907075530442;4483:891.6521275349454;7446:894.3188635349454;1960:895.3031035349454;816:902.8350235349454;6786:904.1020075349454;5444:914.6384155349455;1716:917.4287755349454;2720:918.1754155349454;4210:919.0736875349454;1711:920.2033675349454;98:928.8191755349454;2497:930.3298075349454;7434:937.5376555349454;2760:944.0761915349455;542:951.6042955349454;1074:952.5377035349454;1071:953.5402315349454;1070:968.0035195349454;1069:968.7418075349455;1067:971.4038635349455;1504:975.8576395349454;4396:976.0839355349455;710:976.6345915349455;2281:977.6402875349454;4664:981.5182795349453;6260:981.9641755349453;3300:982.5632875349453;1832:985.3535035349453;708:985.8925675349453;6180:986.3159995349454;2405:988.5383995349454;6169:992.0155195349454;2744:996.6160795349454;2567:998.4590395349453;2576:1006.9475995349453;3077:1009.0802395349453;3241:1012.2091195349453;88:1014.1359595349453;2758:1016.0993995349453;2742:1016.5058395349453;2448:1019.6914795349453;2353:1025.8923595349454;6140:1031.0633995349453;7386:1032.4058395349452;3742:1040.0648395349453;7100:1040.6044795349453;6318:1041.0825595349454;737:1041.9982795349454;6639:1043.8474795349455;2446:1045.4187595349454;2301:1047.7157995349453;1992:1048.7408395349453;1990:1050.4377595349454;1988:1052.8917595349453;1985:1056.4135195349454;3729:1058.7609595349454;5498:1060.1583595349455;5496:1063.0655995349455;5699:1063.7630395349454;5494:1064.8667995349454;6307:1065.0836395349454;374:1073.3846395349453;7114:1075.5996475349452;3246:1076.7374635349452;5330:1077.4850395349451;661:1078.4764795349452;445:1081.5061675349452;6080:1084.3295755349452;7381:1084.7384635349451;364:1085.1738475349453;3029:1087.1980555349453;69:1091.330341249231;30:1095.4626269635166;3346:1097.4868349635167;2832:1097.9222189635168;2207:1098.3311069635167;2988:1099.6150025205377
1,1,default_vehtype,boarding,True,1099.6150025205377,1129.6150025205377,2988;-1;-1,2988;-1;-1,0.0,0.6914600927252612,0.6914600927252612,0.0,,0,6,1,,6,,
1,4,default_vehtype,route,False,1080.0,1212.5866496081762,2981;-1;-1,2977;-1;-1,993.5818895919446,0.9627983191463305,0.9626989609573714,0.0,,0,,0,,,2981;6320;7278;2411;1661;7283;796;751;4635;6299;4102;4325;7285;1218;7334;7010;820;7498;276;2915;2661;7517;6201;7314;7529;7535;2931;2929;2927;2802;2977,2981:1080;6320:1083.373118854145;7278:1086.891878854145;2411:1092.726998854145;1661:1098.526838854145;7283:1099.575878854145;796:1108.368398854145;751:1110.276278854145;4635:1115.3849188541449;6299:1121.343998854145;4102:1123.703318854145;4325:1128.994478854145;7285:1129.9113988541449;1218:1131.0345988541449;7334:1138.615718854145;7010:1141.523198854145;820:1143.504158854145;7498:1143.9721588541452;276:1144.0837588541451;2915:1155.4297588541451;2661:1162.663118854145;7517:1169.975078854145;6201:1170.836198854145;7314:1177.7315188541452;7529:1184.9469988541452;7535:1190.006541711288;2931:1193.6579702827166;2929:1197.3093988541452;2927:1202.368941711288;2802:1209.584421711288;2977:1212.5866496081762
1,4,default_vehtype,boarding,True,1212.5866496081762,1242.5866496081762,2977;-1;-1,2977;-1;-1,0.0,0.9626989609573714,0.9626989609573714,0.0,,0,11,1,11,,,
1,0,default_vehtype,route,False,1200.0,1270.062022566576,2973;-1;-1,2975;-1;-1,929.3671620029345,0.9159944667286218,0.9159015300124216,0.0,,0,,0,,,2973;7354;3525;6025;3063;6027;7362;2188;2186;5744;6033;5746;6031;146;2828;2376;3091;4274;880;3109;3874;2975,2973:1200;7354:1203.7971673106636;3525:1214.6760073106636;6025:1216.4174713106636;3063:1217.6821513106636;6027:1218.9841273106636;7362:1222.9923673106634;2188:1229.6555353106635;2186:1230.9318073106635;5744:1232.9472313106635;6033:1234.3166713106634;5746:1236.2400793106635;6031:1237.7317033106635;146:1238.6928313106635;2828:1239.7846393106634;2376:1245.2865193106634;3091:1258.6082473106633;4274:1259.7511753106633;880:1260.3425113106632;3109:1262.193055310663;3874:1268.0573353106631;2975:1270.062022566576
1,0,default_vehtype,boarding,True,1270.062022566576,1300.062022566576,2975;-1;-1,2975;-1;-1,0.0,0.9159015300124216,0.9159015300124216,0.0,,0,14,1,14,,,
1,4,default_vehtype,route,False,1242.5866496081762,1356.158574857143,2977;-1;-1,2981;-1;-1,969.4191104080555,0.9626989609573714,0.9626020190463307,0.0,,0,11,1,,,2977;6202;7516;7037;7512;3274;2902;3901;7011;7336;4365;7288;4302;5102;7160;7294;2701;3076;4023;7300;1891;827;6499;1803;1141;5241;922;6385;3550;2981,2977:1242.5866496081762;6202:1246.479741711288;7516:1247.340861711288;7037:1254.652821711288;7512:1261.886181711288;3274:1273.232181711288;2902:1273.3437817112879;3901:1273.811781711288;7011:1275.792741711288;7336:1278.7002217112881;4365:1286.2813417112882;7288:1287.4045417112882;4302:1288.8163417112883;5102:1299.9248617112883;7160:1301.3801017112883;7294:1310.0985817112883;2701:1315.9007017112883;3076:1316.7500617112883;4023:1324.6230217112882;7300:1325.7651817112883;1891:1326.0191017112884;827:1327.0849417112884;6499:1336.4397817112883;1803:1342.4023417112883;1141:1347.9069817112884;5241:1349.4950617112884;922:1350.4109737112883;6385:1353.6326137112883;3550:1353.8944537112882;2981:1356.158574857143
1,0,default_vehtype,route,False,1300.062022566576,1408.242688456518,2975;-1;-1,2981;-1;-1,924.4919490828496,0.9159015300124216,0.9158090808175133,0.0,,0,14,1,,,2975;1166;429;3125;3406;2825;1944;130;99;4526;714;2800;4339;2419;5404;5421;1925;1883;926;925;5399;1905;830;2795;1891;827;6499;1803;1141;5241;922;6385;3550;2981,2975:1300.062022566576;1166:1310.172895310663;429:1311.575215310663;3125:1312.828735310663;3406:1325.183095310663;2825:1327.652815310663;1944:1328.964175310663;130:1331.351815310663;99:1331.832055310663;4526:1340.241655310663;714:1343.038495310663;2800:1345.044895310663;4339:1346.538655310663;2419:1351.147735310663;5404:1355.3746153106629;5421:1356.4799353106628;1925:1356.6232153106628;1883:1357.6604953106628;926:1361.9130553106627;925:1364.8573753106627;5399:1374.1621753106629;1905:1375.488775310663;830:1376.665615310663;2795:1377.8492953106631;1891:1378.1032153106632;827:1379.1690553106632;6499:1388.5238953106632;1803:1394.4864553106631;1141:1399.9910953106632;5241:1401.5791753106632;922:1402.4950873106632;6385:1405.7167273106631;3550:1405.978567310663;2981:1408.242688456518
1,0,default_vehtype,boarding,True,1408.242688456518,1438.242688456518,2981;-1;-1,2981;-1;-1,0.0,0.9158090808175133,0.9158090808175133,0.0,,0,14,1,,14,,
1,4,default_vehtype,boarding,True,1356.158574857143,1386.158574857143,2981;-1;-1,2981;-1;-1,0.0,0.9626020190463307,0.9626020190463307,0.0,,0,11,1,,11,,
1,1,default_vehtype,route,False,1500,1537.5180435490054,2988;-1;-1,2989;-1;-1,366.3228098138172,0.6914600927252612,0.6914234604442798,0.0,,0,,0,,,2988;3447;3721;5333;251;2711;3358;2296;5495;5696;3307;3987;6878;2989,2988:1500;3447:1501.539512442979;3721:1504.569200442979;5333:1505.560640442979;251:1506.308216442979;2711:1507.446032442979;3358:1509.661040442979;2296:1517.9620404429788;5495:1518.1788804429789;5696:1518.9416004429788;3307:1529.680040442979;3987:1536.507200442979;6878:1537.110560442979;2989:1537.5180435490054
1,1,default_vehtype,boarding,True,1537.5180435490054,1567.5180435490054,2989;-1;-1,2989;-1;-1,0.0,0.6914234604442798,0.6914234604442798,0,,0,19;18,2,19;18,,,
1,4,default_vehtype,boarding,True,1560.0,1590.0,2981;-1;-1,2981;-1;-1,0.0,0.9626020190463307,0.9626020190463307,0,,0,20,1,20,,,
1,4,default_vehtype,route,False,1590.0,1626.1792404322039,2981;-1;-1,2979;-1;-1,176.13052741122,0.9626020190463307,0.9625844059935895,0.0,,0,20,1,,,2981;6320;7278;2411;6281;2286;2287;6538;2979,2981:1590;6320:1593.373118854145;7278:1596.891878854145;2411:1602.726998854145;6281:1607.7711131398594;2286:1612.5380274255738;2287:1617.3049417112882;6538:1622.3490559970026;2979:1626.1792404322039
1,4,default_vehtype,boarding,True,1626.1792404322039,1656.1792404322039,2979;-1;-1,2979;-1;-1,0.0,0.9625844059935895,0.9625844059935895,0.0,,0,20,1,,20,,
1,0,default_vehtype,route,False,1620.0,1699.0893941591173,2981;-1;-1,2978;-1;-1,682.0646846593123,0.9158090808175133,0.9157408743490474,0.0,,0,,0,,,2981;6320;3549;6384;4032;1804;4277;5239;6501;3911;5389;7301;918;3075;7097;7290;2736;1744;1164;2789;1182;2978,2981:1620;6320:1623.373118854145;3549:1629.0103588541451;6384:1629.272198854145;4032:1632.493838854145;1804:1633.409750854145;4277:1634.997830854145;5239:1640.502470854145;6501:1646.465030854145;3911:1655.819870854145;5389:1656.885710854145;7301:1657.139630854145;918:1658.2817908541451;3075:1666.154750854145;7097:1667.004110854145;7290:1672.806230854145;2736:1681.524710854145;1744:1682.979950854145;1164:1694.088470854145;2789:1695.5002708541451;1182:1696.417190854145;2978:1699.0893941591173
1,0,default_vehtype,boarding,True,1699.0893941591173,1729.0893941591173,2978;-1;-1,2978;-1;-1,0.0,0.9157408743490474,0.9157408743490474,0.0,,0,21,1,21,,,
1,1,default_vehtype,route,False,1567.5180435490054,1694.4851996988916,2989;-1;-1,2975;-1;-1,1557.616034582387,0.6914234604442798,0.6912676988408216,0.0,,0,19;18,2,,,2989;3808;6876;885;316;2042;1982;6306;374;7114;3246;5330;661;445;6080;7381;364;3029;3886;5711;6045;2157;4817;456;5901;7605;2830;5852;6913;1321;597;2204;6066;6049;7367;2188;2186;5744;6033;5746;6031;146;2828;2376;3091;4274;880;3109;3874;2975,2989:1567.5180435490054;3808:1568.178560442979;6876:1569.246560442979;885:1569.849920442979;316:1576.677080442979;2042:1587.4155204429792;1982:1588.1782404429791;6306:1588.3950804429792;374:1596.696080442979;7114:1598.911088442979;3246:1600.048904442979;5330:1600.796480442979;661:1601.787920442979;445:1604.817608442979;6080:1607.641016442979;7381:1608.049904442979;364:1608.485288442979;3029:1610.509496442979;3886:1611.007520442979;5711:1613.5471044429792;6045:1614.9413844429791;2157:1619.129912442979;4817:1619.606696442979;456:1620.221576442979;5901:1620.9771444429791;7605:1624.4488404429792;2830:1624.6782324429792;5852:1631.2049604429792;6913:1633.1013684429793;1321:1638.2498004429792;597:1638.7126884429792;2204:1640.2699764429792;6066:1640.9156724429793;6049:1645.1420004429792;7367:1647.4155444429791;2188:1654.0787124429792;2186:1655.3549844429792;5744:1657.3704084429792;6033:1658.739848442979;5746:1660.6632564429792;6031:1662.1548804429792;146:1663.1160084429791;2828:1664.207816442979;2376:1669.709696442979;3091:1683.031424442979;4274:1684.174352442979;880:1684.765688442979;3109:1686.6162324429788;3874:1692.4805124429788;2975:1694.4851996988916
1,1,default_vehtype,boarding,True,1694.4851996988916,1724.4851996988916,2975;-1;-1,2975;-1;-1,0.0,0.6912676988408216,0.6912676988408216,0.0,,0,19;18,2,,19,,
1,0,default_vehtype,route,False,1729.0893941591173,1766.5148552893463,2978;-1;-1,2979;-1;-1,311.87884275190765,0.9157408743490474,0.9157096864647721,0.0,,0,21,1,,,2978;4103;6297;1434;3820;3877;2787;4993;6537;2979,2978:1729.0893941591173;4103:1731.708350854145;6297:1734.067670854145;1434:1740.0267508541451;3820:1745.135390854145;3877:1747.043270854145;2787:1755.835790854145;4993:1756.884830854145;6537:1762.684670854145;2979:1766.5148552893463
1,0,default_vehtype,boarding,True,1766.5148552893463,1796.5148552893463,2979;-1;-1,2979;-1;-1,0.0,0.9157096864647721,0.9157096864647721,0.0,,0,21,1,,21,,
1,1,default_vehtype,route,False,1724.4851996988916,1797.8182603398668,2975;-1;-1,2977;-1;-1,611.1088386747941,0.6912676988408216,0.6912065879569541,0.0,,0,18,1,,,2975;1166;429;4313;68;7318;7325;3011;4;4345;7330;7562;7316;7531;2802;2977,2975:1724.4851996988916;1166:1734.5960724429788;429:1735.9983924429787;4313:1737.1813524429788;68:1742.7797124429787;7318:1749.4477524429788;7325:1752.7745124429787;3011:1756.7851524429786;4:1761.5702724429786;4345:1763.6137524429787;7330:1764.8167524429787;7562:1772.6505924429787;7316:1780.0455924429787;7531:1787.6005524429786;2802:1794.8160324429787;2977:1797.8182603398668
1,3,default_vehtype,route,False,1620.0,1754.8689012520151,2987;-1;-1,2985;-1;-1,1102.6437554843417,0.9350060741234096,0.9348958097478611,0.0,,0,,0,,,2987;4613;1084;7357;3525;6025;3063;6027;7362;2188;2186;5744;6033;5746;6031;146;2828;2376;3091;4274;880;3109;114;5021;1108;1680;3103;3110;3980;2985,2987:1620;4613:1621.5962490297077;1084:1625.1312330297076;7357:1629.7157610297077;3525:1640.5946010297077;6025:1642.3360650297077;3063:1643.6007450297077;6027:1644.9027210297077;7362:1648.9109610297076;2188:1655.5741290297076;2186:1656.8504010297077;5744:1658.8658250297076;6033:1660.2352650297075;5746:1662.1586730297076;6031:1663.6502970297076;146:1664.6114250297076;2828:1665.7032330297075;2376:1671.2051130297075;3091:1684.5268410297074;4274:1685.6697690297074;880:1686.2611050297073;3109:1688.1116490297072;114:1692.9238204582787;5021:1695.2972490297072;1108:1720.3666204582787;1680:1745.4359918868502;3103:1747.8094204582787;3110:1752.6215918868502;3980:1754.47213588685;2985:1754.8689012520151
1,3,default_vehtype,boarding,True,1754.8689012520151,1784.8689012520151,2985;-1;-1,2985;-1;-1,0.0,0.9348958097478611,0.9348958097478611,0.0,,0,22,1,22,,,
1,1,default_vehtype,boarding,True,1797.8182603398668,1827.8182603398668,2977;-1;-1,2977;-1;-1,0.0,0.6912065879569541,0.6912065879569541,0,,0,18,1,,18,,
1,3,default_vehtype,route,False,1784.8689012520151,1914.525584541425,2985;-1;-1,2982;-1;-1,1095.1193087163879,0.9348958097478611,0.9347862978169895,0.0,,0,22,1,,,2985;1140;880;3109;3874;4306;429;3125;3406;2825;1944;130;99;4526;714;2800;4339;2419;5404;5421;1925;1883;926;925;5399;1905;830;2795;918;3075;7097;7290;2736;1744;1164;2789;1218;2982,2985:1784.8689012520151;1140:1785.06347188685;880:1785.65480788685;3109:1787.50535188685;3874:1793.36963188685;4306:1805.4851918868499;429:1806.8875118868498;3125:1808.1410318868498;3406:1820.4953918868498;2825:1822.9651118868499;1944:1824.2764718868498;130:1826.6641118868497;99:1827.1443518868498;4526:1835.5539518868497;714:1838.3507918868497;2800:1840.3571918868497;4339:1841.8509518868498;2419:1846.4600318868497;5404:1850.6869118868497;5421:1851.7922318868495;1925:1851.9355118868496;1883:1852.9727918868496;926:1857.2253518868495;925:1860.1696718868495;5399:1869.4744718868496;1905:1870.8010718868497;830:1871.9779118868498;2795:1873.16159188685;918:1874.30375188685;3075:1882.17671188685;7097:1883.0260718868499;7290:1888.82819188685;2736:1897.54667188685;1744:1899.00191188685;1164:1910.11043188685;2789:1911.52223188685;1218:1912.64543188685;2982:1914.525584541425
1,4,default_vehtype,route,False,1680.0,1896.9686914437157,2979;-1;-1,2990;-1;-1,1831.0588286976283,0.9625844059935895,0.9624013001107198,0.0,,0,,0,,,2979;2786;2307;3549;6384;4032;1804;4277;5239;6501;3911;5389;7301;3914;5398;5400;4040;4041;5374;5418;5424;5403;6546;1200;7312;4332;799;3653;3825;7127;3766;3988;553;7132;7191;3566;4337;7134;6667;6711;1807;1653;6829;4349;4937;669;5061;7265;3848;534;2839;5449;2990,2979:1680;2786:1682.0049355647989;2307:1685.5236955647988;3549:1691.1609355647988;6384:1691.4227755647987;4032:1694.6444155647987;1804:1695.5603275647986;4277:1697.1484075647986;5239:1702.6530475647987;6501:1708.6156075647987;3911:1717.9704475647986;5389:1719.0362875647986;7301:1719.2902075647987;3914:1720.4738875647988;5398:1721.650727564799;5400:1722.977327564799;4040:1732.2821275647989;4041:1735.226447564799;5374:1739.4790075647988;5418:1740.5162875647989;5424:1740.6595675647989;5403:1741.7648875647988;6546:1745.9917675647987;1200:1750.6008475647986;7312:1752.0946075647987;4332:1752.9102475647987;799:1754.0911675647988;3653:1758.6874075647988;3825:1759.9360075647987;7127:1803.4961275647988;3766:1804.433327564799;3988:1808.1689275647989;553:1808.627207564799;7132:1818.506087564799;7191:1826.463287564799;3566:1828.292447564799;4337:1832.790647564799;7134:1833.890687564799;6667:1841.822807564799;6711:1857.682367564799;1807:1859.6095675647991;1653:1865.4134875647992;6829:1866.1864075647993;4349:1866.7352875647994;4937:1871.1048475647995;669:1881.4122475647994;5061:1887.2206075647994;7265:1888.0038475647993;3848:1888.9784875647993;534:1893.0234475647992;2839:1894.3820875647991;5449:1895.581127564799;2990:1896.9686914437157
1,3,default_vehtype,boarding,True,1914.525584541425,1944.525584541425,2982;-1;-1,2982;-1;-1,0.0,0.9347862978169895,0.9347862978169895,0,,0,22,1,,22,,
1,4,default_vehtype,boarding,True,1896.9686914437157,1926.9686914437157,2990;-1;-1,2990;-1;-1,0.0,0.9624013001107198,0.9624013001107198,0,,0,25,1,25,,,
1,4,default_vehtype,route,False,1926.9686914437157,2151.7138002193738,2990;-1;-1,2982;-1;-1,1872.8759064638186,0.9624013001107198,0.9622140125200734,0.0,,0,25,1,,,2990;2552;1946;7401;3551;3849;7263;5060;3728;4936;1207;2554;4974;5249;6709;2464;7135;1193;552;2755;7131;3567;888;712;2718;754;611;1812;1186;7311;4339;2419;5404;5421;1925;1883;926;925;5399;1905;830;2795;918;3075;7097;7290;2736;1744;1164;2789;1218;2982,2990:1926.9686914437157;2552:1929.834407564799;1946:1934.087687564799;7401:1935.2867275647989;3551:1936.6453675647988;3849:1940.6903275647987;7263:1941.6649675647986;5060:1942.4482075647986;3728:1948.2565675647986;4936:1958.5639675647985;1207:1962.9335275647986;2554:1963.4824075647987;4974:1964.2553275647988;5249:1970.0592475647989;6709:1971.986447564799;2464:1987.846007564799;7135:1995.778127564799;1193:1996.878167564799;552:2001.376367564799;2755:2003.205527564799;7131:2011.162727564799;3567:2021.041607564799;888:2021.499887564799;712:2025.235487564799;2718:2026.1726875647992;754:2069.7328075647993;611:2070.981407564799;1812:2075.552567564799;1186:2076.729767564799;7311:2077.545407564799;4339:2079.039167564799;2419:2083.648247564799;5404:2087.875127564799;5421:2088.9804475647993;1925:2089.123727564799;1883:2090.161007564799;926:2094.413567564799;925:2097.357887564799;5399:2106.662687564799;1905:2107.989287564799;830:2109.166127564799;2795:2110.349807564799;918:2111.491967564799;3075:2119.364927564799;7097:2120.214287564799;7290:2126.016407564799;2736:2134.734887564799;1744:2136.190127564799;1164:2147.298647564799;2789:2148.710447564799;1218:2149.833647564799;2982:2151.7138002193738
1,0,default_vehtype,route,False,2160.0,2191.5525995677963,2979;-1;-1,2981;-1;-1,147.12347258878,0.9157096864647721,0.9156949741175132,0.0,,0,,0,,,2979;2786;2307;3549;3552;536;535;533;2981,2979:2160;2786:2162.004935564799;2307:2165.523695564799;3549:2171.160935564799;3552:2176.390192707656;536:2180.22470699337;535:2184.0592212790843;533:2189.2884784219414;2981:2191.5525995677963
1,4,default_vehtype,boarding,True,2151.7138002193738,2181.7138002193738,2982;-1;-1,2982;-1;-1,0.0,0.9622140125200734,0.9622140125200734,0.0,,0,25,1,,25,,
1,0,default_vehtype,boarding,True,2191.5525995677963,2221.5525995677963,2981;-1;-1,2981;-1;-1,0.0,0.9156949741175132,0.9156949741175132,0,,0,29,1,29,,,
1,0,default_vehtype,route,False,2221.5525995677963,2356.6281570512815,2981;-1;-1,2976;-1;-1,1148.6160456957073,0.9156949741175132,0.9155801125129437,0.0,,0,29,1,,,2981;6320;3549;6384;4032;1804;4277;5239;6501;3911;5389;7301;3914;5398;5400;4040;4041;5374;5418;5424;5403;6546;1200;7312;3767;4527;3089;3131;5447;7352;414;122;3426;4314;68;7318;7325;3011;4;4345;7330;2976,2981:2221.5525995677963;6320:2224.9257184219414;3549:2230.5629584219414;6384:2230.8247984219415;4032:2234.0464384219417;1804:2234.9623504219417;4277:2236.5504304219417;5239:2242.0550704219418;6501:2248.0176304219417;3911:2257.3724704219417;5389:2258.438310421942;7301:2258.692230421942;3914:2259.875910421942;5398:2261.052750421942;5400:2262.379350421942;4040:2271.684150421942;4041:2274.628470421942;5374:2278.881030421942;5418:2279.918310421942;5424:2280.0615904219417;5403:2281.166910421942;6546:2285.393790421942;1200:2290.002870421942;7312:2291.496630421942;3767:2293.503030421942;4527:2296.299870421942;3089:2304.709470421942;3131:2305.189710421942;5447:2307.577350421942;7352:2308.888710421942;414:2311.358430421942;122:2323.712790421942;3426:2324.966310421942;4314:2326.149270421942;68:2331.747630421942;7318:2338.415670421942;7325:2341.742430421942;3011:2345.753070421942;4:2350.538190421942;4345:2352.581670421942;7330:2353.784670421942;2976:2356.6281570512815
1,0,default_vehtype,boarding,True,2356.6281570512815,2386.6281570512815,2976;-1;-1,2976;-1;-1,0.0,0.9155801125129437,0.9155801125129437,0.0,,0,29,1,,29,,
1,1,default_vehtype,route,False,2280.0,2391.9445594855088,2977;-1;-1,2986;-1;-1,1060.4065922814566,0.6912065879569541,0.691100547297726,0.0,,0,,0,,,2977;6202;7315;7530;2803;7558;2806;4344;2996;3013;7322;2804;3061;1173;3425;4304;793;118;3979;4275;103;6480;7360;2986,2977:2280;6202:2283.893092103112;7315:2290.788412103112;7530:2298.003892103112;2803:2305.558852103112;7558:2312.953852103112;2806:2320.7876921031116;4344:2321.9906921031115;2996:2324.0341721031114;3013:2328.8192921031114;7322:2332.8299321031113;2804:2336.1566921031113;3061:2342.8247321031113;1173:2348.4230921031112;3425:2349.6060521031113;4304:2351.0083721031115;793:2363.1239321031117;118:2368.9882121031114;3979:2370.8387561031113;4275:2371.4300921031113;103:2372.5730201031115;6480:2385.8947481031114;7360:2391.396628103111;2986:2391.9445594855088
1,1,default_vehtype,boarding,True,2391.9445594855088,2421.9445594855088,2986;-1;-1,2986;-1;-1,0.0,0.691100547297726,0.691100547297726,0,,0,30,1,30,,,
1,1,default_vehtype,route,False,2421.9445594855088,2505.3028051399633,2986;-1;-1,2984;-1;-1,777.242669599201,0.691100547297726,0.691022823030766,0.0,,0,30,1,,,2986;3155;7358;2376;3091;4274;880;3109;3874;4306;429;4313;68;7318;7325;3011;4;4345;1199;1204;2996;2984,2986:2421.9445594855088;3155:2422.488436103111;7358:2423.580244103111;2376:2429.082124103111;3091:2442.4038521031107;4274:2443.546780103111;880:2444.138116103111;3109:2445.9886601031108;3874:2451.8529401031105;4306:2463.9685001031107;429:2465.370820103111;4313:2466.553780103111;68:2472.152140103111;7318:2478.820180103111;7325:2482.146940103111;3011:2486.157580103111;4:2490.942700103111;4345:2492.9861801031107;1199:2496.9765229602535;1204:2500.9668658173964;2996:2503.0103458173962;2984:2505.3028051399633
1,1,default_vehtype,boarding,True,2505.3028051399633,2535.3028051399633,2984;-1;-1,2984;-1;-1,0.0,0.691022823030766,0.691022823030766,0,,0,30,1,,30,,
1,1,default_vehtype,route,False,2535.3028051399633,2736.9259896963117,2984;-1;-1,2990;-1;-1,1680.1932046362463,0.691022823030766,0.6908548037103024,0.0,,0,,0,,,2984;3012;7321;2804;3061;1173;3425;3125;3406;2825;1944;130;99;4526;714;2800;4332;799;3653;3825;7127;3766;3988;553;7132;7191;3566;4337;7134;6667;6711;1807;1653;6829;4349;4937;669;5061;7265;3848;534;2839;5449;2990,2984:2535.3028051399633;3012:2537.7954658173962;7321:2541.806105817396;2804:2545.132865817396;3061:2551.800905817396;1173:2557.399265817396;3425:2558.582225817396;3125:2559.8357458173964;3406:2572.190105817396;2825:2574.6598258173963;1944:2575.9711858173964;130:2578.3588258173963;99:2578.839065817396;4526:2587.248665817396;714:2590.045505817396;2800:2592.0519058173963;4332:2592.867545817396;799:2594.048465817396;3653:2598.644705817396;3825:2599.8933058173957;7127:2643.453425817396;3766:2644.3906258173956;3988:2648.1262258173956;553:2648.5845058173954;7132:2658.4633858173956;7191:2666.4205858173955;3566:2668.2497458173953;4337:2672.7479458173952;7134:2673.847985817395;6667:2681.780105817395;6711:2697.639665817395;1807:2699.566865817395;1653:2705.370785817395;6829:2706.1437058173947;4349:2706.6925858173945;4937:2711.0621458173946;669:2721.3695458173947;5061:2727.1779058173947;7265:2727.961145817395;3848:2728.935785817395;534:2732.980745817395;2839:2734.339385817395;5449:2735.538425817395;2990:2736.9259896963117
1,1,default_vehtype,boarding,True,2736.9259896963117,2766.9259896963117,2990;-1;-1,2990;-1;-1,0.0,0.6908548037103024,0.6908548037103024,0.0,,0,34;35,2,34;35,,,
1,1,default_vehtype,route,False,2766.9259896963117,2777.97902965541,2990;-1;-1,2970;-1;-1,92.10866632581656,0.6908548037103024,0.6908455928436698,0.0,,0,34;35,2,,,2990;2552;1946;7401;3560;2970,2990:2766.9259896963117;2552:2769.7917058173953;1946:2774.044985817395;7401:2775.244025817395;3560:2776.3195858173954;2970:2777.97902965541
1,1,default_vehtype,boarding,True,2777.97902965541,2807.97902965541,2970;-1;-1,2970;-1;-1,0.0,0.6908455928436698,0.6908455928436698,0.0,,0,34;35;37,3,37,34,,
1,1,default_vehtype,route,False,2807.97902965541,2916.4329462058304,2970;-1;-1,2972;-1;-1,956.9275289670156,0.6908455928436698,0.6907499000907731,0.0,,0,35;37,2,,,2970;671;662;7398;3491;6933;7394;6989;7392;5704;7389;3806;2573;885;316;2042;1982;6306;374;7114;3246;5330;661;445;2972,2970:2807.97902965541;671:2809.0091458173956;662:2831.4588658173957;7398:2834.9781058173958;3491:2841.302825817396;6933:2842.214585817396;7394:2847.576185817396;6989:2848.170545817396;7392:2857.381625817396;5704:2859.746705817396;7389:2874.284945817396;3806:2878.349345817396;2573:2879.4173458173964;885:2880.0207058173964;316:2886.8478658173963;2042:2897.5863058173964;1982:2898.3490258173965;6306:2898.5658658173966;374:2906.8668658173965;7114:2909.0818738173966;3246:2910.2196898173966;5330:2910.9672658173968;661:2911.9587058173965;445:2914.9883938173966;2972:2916.4329462058304
1,1,default_vehtype,boarding,True,2916.4329462058304,2946.4329462058304,2972;-1;-1,2972;-1;-1,0.0,0.6907499000907731,0.6907499000907731,0.0,,0,35;37,2,,37,,
1,1,default_vehtype,route,False,2946.4329462058304,2949.0956973744173,2972;-1;-1,2988;-1;-1,36.982655119265175,0.6907499000907731,0.6907462018252611,0.0,,0,35,1,,,2972;6079;2988,2972:2946.4329462058304;6079:2947.8118018173964;2988:2949.0956973744173
1,1,default_vehtype,boarding,True,2949.0956973744173,2979.0956973744173,2988;-1;-1,2988;-1;-1,0.0,0.6907462018252611,0.6907462018252611,0.0,,0,35,1,,35,,
1,0,default_vehtype,route,False,3000,3030.158021267548,2976;-1;-1,2977;-1;-1,251.31684389623734,0.9155801125129437,0.915554980828554,0.0,,0,,0,,,2976;7557;7316;7531;2802;2977,2976:3000;7557:3004.99035337066;7316:3012.38535337066;7531:3019.94031337066;2802:3027.15579337066;2977:3030.158021267548
1,0,default_vehtype,boarding,True,3030.158021267548,3060.158021267548,2977;-1;-1,2977;-1;-1,0.0,0.915554980828554,0.915554980828554,0.0,,0,41,1,41,,,
1,1,default_vehtype,route,False,2979.0956973744173,3092.966181696314,2988;-1;-1,2990;-1;-1,1002.5931495879026,0.6907462018252611,0.6906459425103023,0.0,,0,,0,,,2988;3447;3721;5333;251;2711;3358;2296;5495;5696;3307;3987;6878;746;2834;2045;2835;2641;7396;2616;486;2838;3722;3732;544;7400;5449;2990,2988:2979.0956973744173;3447:2980.635209817396;3721:2983.664897817396;5333:2984.656337817396;251:2985.403913817396;2711:2986.541729817396;3358:2988.7567378173962;2296:2997.057737817396;5495:2997.274577817396;5696:2998.0372978173964;3307:3008.7757378173965;3987:3015.6028978173963;6878:3016.2062578173964;746:3017.2742578173966;2834:3021.338657817397;2045:3035.8768978173966;2835:3038.2419778173967;2641:3047.4530578173967;7396:3048.0474178173968;2616:3053.409017817397;486:3054.320777817397;2838:3060.645497817397;3722:3064.164737817397;3732:3086.614457817397;544:3089.304017817397;7400:3090.379577817397;5449:3091.578617817397;2990:3092.966181696314
1,0,default_vehtype,route,False,3060.158021267548,3143.562523168093,2977;-1;-1,2982;-1;-1,577.1723729807225,0.915554980828554,0.9154972635912559,0.0,,0,41,1,,,2977;6202;7516;7037;7512;3274;2902;3901;7011;7336;4365;7288;1182;1001;6296;6301;2298;2295;2293;4102;4325;7285;1218;2982,2977:3060.158021267548;6202:3064.05111337066;7516:3064.91223337066;7037:3072.22419337066;7512:3079.45755337066;3274:3090.80355337066;2902:3090.9151533706604;3901:3091.3831533706602;7011:3093.36411337066;7336:3096.27159337066;4365:3103.85271337066;7288:3104.97591337066;1182:3105.89283337066;1001:3111.18399337066;6296:3113.54331337066;6301:3118.485599084946;2298:3122.767541942089;2295:3127.049484799232;2293:3131.9917705135176;4102:3134.3510905135176;4325:3139.642250513518;7285:3140.559170513518;1218:3141.682370513518;2982:3143.562523168093
1,0,default_vehtype,boarding,True,3143.562523168093,3173.562523168093,2982;-1;-1,2982;-1;-1,0.0,0.9154972635912559,0.9154972635912559,0.0,,0,41,1,,41,,
1,1,default_vehtype,boarding,True,3092.966181696314,3122.966181696314,2990;-1;-1,2990;-1;-1,0.0,0.6906459425103023,0.6906459425103023,0.0,,0,40,1,40,,,
1,1,default_vehtype,route,False,3122.966181696314,3330.1694909632533,2990;-1;-1,2981;-1;-1,2611.7286438911515,0.6906459425103023,0.6903847696459132,0.0,,0,40,1,,,2990;2552;4848;3271;4846;4989;5000;337;1075;5648;5759;205;5793;1407;5826;7411;4686;5074;5295;5274;7181;604;603;602;3851;4573;1400;971;598;1368;591;585;940;1370;939;1903;983;3921;840;2881;5099;2878;1735;2581;370;361;2874;1887;4059;910;6541;3462;3648;2851;2850;1801;1560;5242;922;6385;3550;2981,2990:3122.966181696314;2552:3125.8318978173975;4848:3133.3122178173976;3271:3138.8653378173976;4846:3140.7384178173975;4989:3153.0109378173975;5000:3157.7704978173974;337:3165.5307298173975;1075:3166.5545698173974;5648:3167.3553538173974;5759:3172.9136818173974;205:3178.0579378173975;5793:3182.1792898173976;1407:3183.7994338173976;5826:3186.0797458173975;7411:3188.9783938173973;4686:3190.0491058173975;5074:3196.9896178173976;5295:3197.2198738173975;5274:3200.5986898173974;7181:3205.1079778173976;604:3208.6863778173974;603:3209.7499618173974;602:3210.6030898173976;3851:3211.6064818173977;4573:3215.912801817398;1400:3217.645481817398;971:3221.443913817398;598:3222.511169817398;1368:3223.471505817398;591:3229.342457817398;585:3242.513705817398;940:3249.093569817398;1370:3256.120193817398;939:3256.816865817398;1903:3257.638457817398;983:3258.620969817398;3921:3262.419113817398;840:3266.979953817398;2881:3273.610577817398;5099:3274.763441817398;2878:3275.891465817398;1735:3286.875785817398;2581:3288.215201817398;370:3289.798049817398;361:3292.295153817398;2874:3292.881161817398;1887:3298.5365458173983;4059:3300.4558498173983;910:3304.9720498173983;6541:3305.636177817398;3462:3307.849817817398;3648:3308.1795778173982;2851:3312.853817817398;2850:3313.787177817398;1801:3317.0828578173982;1560:3321.823337817398;5242:3323.505977817398;922:3324.421889817398;6385:3327.6435298173983;3550:3327.9053698173984;2981:3330.1694909632533
1,4,default_vehtype,boarding,True,3300.0,3330.0,2982;-1;-1,2982;-1;-1,0.0,0.9622140125200734,0.9622140125200734,0.0,,0,45,1,45,,,
1,4,default_vehtype,route,False,3330.0,3360.0,2982;-1;-1,2661;7517;0.034,250.00000000000222,0.9622140125200734,0.9621890125200734,0.0,,0,45,1,,,2982;2809;7010;820;7498;276;2915;2661,2982:3330;2809:3335.700967345425;7010:3338.608447345425;820:3340.5894073454247;7498:3341.0574073454245;276:3341.1690073454247;2915:3352.5150073454247;2661:3359.748367345425
1,1,default_vehtype,boarding,True,3330.1694909632533,3360.1694909632533,2981;-1;-1,2981;-1;-1,0.0,0.6903847696459132,0.6903847696459132,0.0,,0,40,1,,40,,
1,4,default_vehtype,route,False,3360.0,3418.04621968905,2661;7517;0.034,2976;-1;-1,432.73078312303795,0.9621890125200734,0.9621457394417611,0.0,,0,45,1,,,2661;7517;6201;7314;7529;2803;7558;2806;4344;1199;1204;7329;2976,2661:3360;7517:3367.060327345425;6201:3367.921447345425;7314:3374.816767345425;7529:3382.032247345425;2803:3389.5872073454248;7558:3396.9822073454247;2806:3404.8160473454245;4344:3406.0190473454245;1199:3410.0093902025674;1204:3413.9997330597103;7329:3415.20273305971;2976:3418.04621968905
1,4,default_vehtype,boarding,True,3418.04621968905,3448.04621968905,2976;-1;-1,2976;-1;-1,0.0,0.9621457394417611,0.9621457394417611,0,,0,45;46,2,46,,,
1,4,default_vehtype,route,False,3448.04621968905,3573.9900840300024,2976;-1;-1,2987;-1;-1,1410.1941526762305,0.9621457394417611,0.9620047200264934,0.0,,0,45;46,2,,,2976;7557;2806;4344;2996;3013;7322;2804;3061;1173;3425;4304;793;118;3979;4275;103;6480;7360;3154;6028;5745;6035;5743;6038;6041;7365;2179;3064;6023;3524;7356;4225;2987,2976:3448.04621968905;7557:3453.03657305971;2806:3460.87041305971;4344:3462.0734130597098;2996:3464.1168930597096;3013:3468.9020130597096;7322:3472.9126530597096;2804:3476.2394130597095;3061:3482.9074530597095;1173:3488.5058130597095;3425:3489.6887730597095;4304:3491.0910930597097;793:3503.20665305971;118:3509.0709330597097;3979:3510.9214770597096;4275:3511.5128130597095;103:3512.6557410597097;6480:3525.9774690597096;7360:3531.4793490597094;3154:3532.5711570597095;6028:3533.5322850597095;5745:3535.0239090597092;6035:3536.9473170597093;5743:3538.3167570597093;6038:3540.3321810597095;6041:3541.6084530597095;7365:3548.2716210597096;2179:3552.2798610597097;3064:3553.58183705971;6023:3554.84651705971;3524:3556.5879810597103;7356:3567.46682105971;4225:3572.05134905971;2987:3573.9900840300024
1,4,default_vehtype,boarding,True,3573.9900840300024,3603.9900840300024,2987;-1;-1,2987;-1;-1,0.0,0.9620047200264934,0.9620047200264934,0,,0,45;46,2,,46,,
1,4,default_vehtype,route,False,3603.9900840300024,3722.2355217915524,2987;-1;-1,2971;-1;-1,1214.7314981779514,0.9620047200264934,0.9618832468766756,0.0,,0,45,1,,,2987;4613;7368;7606;5900;3459;4818;5992;6047;5708;3884;3030;3347;7376;2207;3446;3720;5332;251;2711;3358;2296;5495;5696;3307;3987;2396;886;808;1372;807;1375;108;1376;1380;373;2390;7391;5704;7389;2971,2987:3603.9900840300024;4613:3605.58633305971;7368:3617.29144505971;7606:3617.52083705971;5900:3620.9925330597102;3459:3621.7481010597103;4818:3622.3629810597104;5992:3622.8397650597103;6047:3627.0282930597104;5708:3628.4225730597104;3884:3630.9621570597105;3030:3631.4601810597105;3347:3633.4843890597103;7376:3633.91977305971;2207:3634.32866105971;3446:3637.1520690597104;3720:3640.1817570597104;5332:3641.17319705971;251:3641.9207730597104;2711:3643.0585890597104;3358:3645.2735970597105;2296:3653.5745970597104;5495:3653.7914370597105;5696:3654.5541570597106;3307:3665.2925970597107;3987:3672.1197570597105;2396:3673.4257170597107;886:3679.0633170597107;808:3679.5295170597105;1372:3680.3924370597106;807:3681.4963170597107;1375:3683.180517059711;108:3685.320957059711;1376:3687.121197059711;1380:3689.137797059711;373:3698.698797059711;2390:3701.243517059711;7391:3702.644157059711;5704:3705.009237059711;7389:3719.5474770597107;2971:3722.2355217915524
1,4,default_vehtype,boarding,True,3722.2355217915524,3752.2355217915524,2971;-1;-1,2971;-1;-1,0.0,0.9618832468766756,0.9618832468766756,0.0,,0,45,1,,45,,
1,4,default_vehtype,route,False,3840.0,3963.7877603162124,2971;-1;-1,2969;-1;-1,1124.2020306798433,0.9618832468766756,0.9617708266736076,0.0,,0,,0,,,2971;3807;7387;2045;2835;2641;7396;2616;486;2838;3722;3732;544;7400;5449;6824;4848;3271;4846;4989;5000;337;1075;4198;336;2969,2971:3840;3807:3841.3763552681585;7387:3845.4407552681587;2045:3859.9789952681585;2835:3862.3440752681586;2641:3871.5551552681586;7396:3872.1495152681587;2616:3877.511115268159;486:3878.422875268159;2838:3884.747595268159;3722:3888.266835268159;3732:3910.716555268159;544:3913.406115268159;7400:3914.481675268159;5449:3915.680715268159;6824:3919.933995268159;4848:3927.414315268159;3271:3932.967435268159;4846:3934.840515268159;4989:3947.113035268159;5000:3951.872595268159;337:3959.632827268159;1075:3960.656667268159;4198:3961.6383152681587;336:3962.6614352681586;2969:3963.7877603162124
1,4,default_vehtype,boarding,True,3963.7877603162124,3993.7877603162124,2969;-1;-1,2969;-1;-1,0.0,0.9617708266736076,0.9617708266736076,0.0,,0,52,1,52,,,
1,1,default_vehtype,route,False,3840.0,4069.9869602780304,2981;-1;-1,2966;-1;-1,2071.863435442099,0.6903847696459132,0.6901775833023691,0.0,,0,,0,,,2981;6320;3549;6384;4032;1804;4811;5237;608;459;2416;4011;5246;363;366;2314;2877;1748;2880;906;984;2268;1857;1806;1371;938;5442;4054;2205;1369;2047;1337;1873;1939;665;666;1885;668;1415;1041;1623;1383;2333;2966,2981:3840;6320:3843.373118854145;3549:3849.010358854145;6384:3849.2721988541452;4032:3852.4938388541455;1804:3853.4097508541454;4811:3855.0923908541454;5237:3859.8328708541453;608:3868.698950854145;459:3869.028710854145;2416:3871.242350854145;4011:3871.906478854145;5246:3877.831646854145;363:3884.740334854145;366:3886.145414854145;2314:3887.290286854145;2877:3900.461390854145;1748:3901.579910854145;2880:3902.741702854145;906:3914.967014854145;984:3917.736710854145;2268:3918.4845748541447;1857:3918.870494854145;1806:3919.5326788541447;1371:3920.202854854145;938:3922.7839828541446;5442:3932.5046308541446;4054:3940.1446228541445;2205:3945.8970628541447;1369:3952.3432228541446;2047:3953.2862788541447;1337:3954.2476228541445;1873:3970.7250388541447;1939:3971.0660308541446;665:3971.588102854145;666:3972.4572148541447;1885:3973.4430388541446;668:3986.8134388541444;1415:3987.4425028541445;1041:4004.1290171398587;1623:4008.5122742827157;1383:4019.5977028541442;2333:4059.75158856843;2966:4069.9869602780304
1,4,default_vehtype,route,False,3993.7877603162124,4048.065867733214,2969;-1;-1,2992;-1;-1,753.8626030139021,0.9617708266736076,0.9616954404133062,0.0,,0,52,1,,,2969;7192;1664;337;1075;537;18;5629;1068;2559;6740;1717;2067;2063;1937;2992,2969:3993.7877603162124;7192:3997.3914032681587;1664:4000.645299268159;337:4008.405531268159;1075:4009.429371268159;537:4010.383371268159;18:4016.250939268159;5629:4022.100363268159;1068:4024.652763268159;2559:4031.703363268159;6740:4036.173987268159;1717:4042.0077152681592;2067:4042.745499268159;2063:4043.4617552681593;1937:4046.7317072681594;2992:4048.065867733214
1,4,default_vehtype,boarding,True,4048.065867733214,4078.065867733214,2992;-1;-1,2992;-1;-1,0.0,0.9616954404133062,0.9616954404133062,0.0,,0,52,1,,52,,
1,1,default_vehtype,boarding,True,4069.9869602780304,4099.986960278031,2966;-1;-1,2966;-1;-1,0.0,0.6901775833023691,0.6901775833023691,0,,0,51,1,51,,,
1,1,default_vehtype,route,False,4099.986960278031,4320,2966;-1;-1,7100;6318;0.230,2096.8843359864704,0.6901775833023691,0.6899678948687705,0.0,,0,51,1,,,2966;2743;2631;2150;735;738;1096;3736;81;831;2413;1146;832;1880;1340;3638;3641;7177;5275;5297;5072;1464;2847;5825;4587;5794;3202;2065;2023;4203;4198;1071;1070;1069;1067;1504;4396;710;2281;4664;6260;3300;1832;708;6180;2405;6169;2744;2567;2576;3077;3241;88;2758;2742;2448;2353;6140;7386;3742;7100,2966:4099.986960278031;2743:4107.830788568431;2631:4111.84221713986;2150:4128.772502854145;735:4139.254674282717;738:4145.422502854146;1096:4154.961474282717;3736:4155.224490282717;81:4159.073394282717;831:4169.919978282717;2413:4170.907674282717;1146:4171.721058282717;832:4172.529474282717;1880:4175.127162282717;1340:4186.659978282717;3638:4187.646450282717;3641:4188.710034282717;7177:4192.288434282717;5275:4196.797722282718;5297:4200.176538282718;5072:4200.406794282718;1464:4207.347306282718;2847:4208.418018282718;5825:4211.316666282718;4587:4213.596978282718;5794:4215.217122282718;3202:4219.338474282718;2065:4224.482730282718;2023:4230.041058282718;4203:4230.841842282718;4198:4231.823490282718;1071:4232.826018282718;1070:4247.289306282718;1069:4248.0275942827175;1067:4250.689650282718;1504:4255.143426282718;4396:4255.369722282718;710:4255.920378282718;2281:4256.926074282718;4664:4260.804066282718;6260:4261.249962282718;3300:4261.849074282718;1832:4264.639290282718;708:4265.178354282718;6180:4265.6017862827175;2405:4267.824186282717;6169:4271.301306282717;2744:4275.901866282717;2567:4277.7448262827165;2576:4286.233386282716;3077:4288.366026282716;3241:4291.494906282716;88:4293.421746282716;2758:4295.385186282717;2742:4295.791626282717;2448:4298.977266282716;2353:4305.178146282717;6140:4310.349186282717;7386:4311.691626282717;3742:4319.350626282717;7100:4319.890266282717
1,1,default_vehtype,route,False,4320,4362.23650667115,7100;6318;0.230,2972;-1;-1,405.11577997311076,0.6899678948687705,0.6899273832907732,0.0,,0,51,1,,,7100;6318;737;6639;2446;2301;1992;1990;1988;1985;3729;5498;5496;5699;5494;6307;374;7114;3246;5330;661;445;2972,7100:4320;6318:4320.368346282717;737:4321.284066282717;6639:4323.133266282716;2446:4324.704546282716;2301:4327.001586282717;1992:4328.026626282717;1990:4329.7235462827175;1988:4332.177546282717;1985:4335.699306282717;3729:4338.046746282716;5498:4339.444146282716;5496:4342.351386282716;5699:4343.048826282716;5494:4344.152586282716;6307:4344.369426282716;374:4352.670426282716;7114:4354.885434282716;3246:4356.023250282717;5330:4356.770826282716;661:4357.762266282716;445:4360.791954282716;2972:4362.23650667115
1,1,default_vehtype,boarding,True,4362.23650667115,4392.23650667115,2972;-1;-1,2972;-1;-1,0.0,0.6899273832907732,0.6899273832907732,0.0,,0,51;55,2,55,,,
1,1,default_vehtype,route,False,4392.23650667115,4394.899257839737,2972;-1;-1,2988;-1;-1,36.982655119265175,0.6899273832907732,0.6899236850252612,0.0,,0,51;55,2,,,2972;6079;2988,2972:4392.23650667115;6079:4393.615362282716;2988:4394.899257839737
1,1,default_vehtype,boarding,True,4394.899257839737,4424.899257839737,2988;-1;-1,2988;-1;-1,0.0,0.6899236850252612,0.6899236850252612,0.0,,0,51;55,2,,51,,
1,1,default_vehtype,route,False,4424.899257839737,4557.1126213520865,2988;-1;-1,2991;-1;-1,1371.1040487826665,0.6899236850252612,0.6897865746203831,0.0,,0,55,1,,,2988;3447;3721;5333;251;2711;3358;2296;5495;5697;5497;5500;670;5502;5512;5520;5531;6313;6632;6644;3793;6319;7102;3741;7384;6414;5446;2447;2571;42;2577;2566;3033;3036;2469;2404;2235;3762;5287;310;2280;1447;6261;3764;4397;4745;4182;4187;4191;4195;4202;4208;537;2991,2988:4424.899257839737;3447:4426.438770282716;3721:4429.468458282716;5333:4430.459898282716;251:4431.207474282715;2711:4432.345290282716;3358:4434.560298282716;2296:4442.861298282716;5495:4443.078138282716;5697:4444.181898282716;5497:4444.879338282716;5500:4447.786578282716;670:4449.1839782827155;5502:4451.531418282715;5512:4455.053178282715;5520:4457.507178282714;5531:4459.204098282715;6313:4460.229138282715;6632:4462.526178282716;6644:4464.097458282716;3793:4465.946658282715;6319:4466.862378282715;7102:4467.340458282715;3741:4467.880098282715;7384:4475.539098282715;6414:4480.746258282715;5446:4483.0140182827145;2447:4486.950138282715;2571:4494.539058282715;42:4499.207058282715;2577:4499.879538282715;2566:4508.478618282715;3033:4509.109578282715;3036:4511.379138282715;2469:4514.971458282715;2404:4518.2949782827145;2235:4519.578378282715;3762:4520.001810282714;5287:4520.540874282714;310:4523.331090282714;2280:4523.930202282714;1447:4524.376098282714;6261:4528.254090282714;3764:4529.259786282714;4397:4529.810442282715;4745:4530.036738282714;4182:4534.490514282715;4187:4537.152570282715;4191:4537.890858282714;4195:4552.354146282714;4202:4553.356674282714;4208:4554.338322282714;537:4555.292322282714;2991:4557.1126213520865
1,1,default_vehtype,boarding,True,4557.1126213520865,4587.1126213520865,2991;-1;-1,2991;-1;-1,0.0,0.6897865746203831,0.6897865746203831,0.0,,0,55,1,,55,,
1,4,default_vehtype,route,False,4440.0,4579.419771413864,2992;-1;-1,2990;-1;-1,1558.523025865214,0.9616954404133062,0.9615395881107197,0.0,,0,,0,,,2992;2526;5444;1716;2720;4210;1711;98;2497;7434;2760;542;1074;336;2759;1664;1659;538;4990;4939;5252;3070;1657;4439;4842;1272;3423;4282;4975;6830;4349;4937;669;5061;7265;3848;534;2839;5449;2990,2992:4440;2526:4449.202247534946;5444:4459.738655534946;1716:4462.529015534946;2720:4463.275655534946;4210:4464.173927534946;1711:4465.303607534946;98:4473.919415534946;2497:4475.430047534946;7434:4482.637895534946;2760:4489.1764315349465;542:4496.704535534946;1074:4497.637943534946;336:4498.661063534946;2759:4503.391031534946;1664:4506.644927534946;1659:4511.404487534946;538:4512.555527534946;4990:4516.252607534946;4939:4517.643167534946;5252:4523.067887534946;3070:4524.104327534946;1657:4531.621127534946;4439:4537.251287534946;4842:4541.635847534946;1272:4541.820767534946;3423:4543.037327534946;4282:4546.814807534945;4975:4547.864567534945;6830:4548.637487534946;4349:4549.186367534946;4937:4553.555927534946;669:4563.863327534946;5061:4569.671687534946;7265:4570.454927534945;3848:4571.429567534946;534:4575.474527534946;2839:4576.833167534946;5449:4578.032207534947;2990:4579.419771413864
1,4,default_vehtype,boarding,True,4579.419771413864,4609.419771413864,2990;-1;-1,2990;-1;-1,0.0,0.9615395881107197,0.9615395881107197,0.0,,0,59,1,59,,,
1,1,default_vehtype,boarding,True,4620,4650,2991;-1;-1,2991;-1;-1,0.0,0.6897865746203831,0.6897865746203831,0,,0,62,1,62,,,
1,4,default_vehtype,route,False,4609.419771413864,4816.623080680803,2990;-1;-1,2981;-1;-1,2611.7286438911515,0.9615395881107197,0.9612784152463306,0.0,,0,59,1,,,2990;2552;4848;3271;4846;4989;5000;337;1075;5648;5759;205;5793;1407;5826;7411;4686;5074;5295;5274;7181;604;603;602;3851;4573;1400;971;598;1368;591;585;940;1370;939;1903;983;3921;840;2881;5099;2878;1735;2581;370;361;2874;1887;4059;910;6541;3462;3648;2851;2850;1801;1560;5242;922;6385;3550;2981,2990:4609.419771413864;2552:4612.285487534947;4848:4619.765807534946;3271:4625.318927534946;4846:4627.192007534946;4989:4639.464527534947;5000:4644.224087534947;337:4651.984319534947;1075:4653.008159534947;5648:4653.808943534947;5759:4659.367271534947;205:4664.511527534946;5793:4668.632879534946;1407:4670.253023534947;5826:4672.533335534947;7411:4675.431983534947;4686:4676.502695534947;5074:4683.443207534947;5295:4683.673463534947;5274:4687.052279534947;7181:4691.561567534947;604:4695.139967534948;603:4696.203551534948;602:4697.056679534948;3851:4698.060071534947;4573:4702.366391534947;1400:4704.099071534947;971:4707.897503534947;598:4708.964759534947;1368:4709.925095534947;591:4715.796047534947;585:4728.967295534947;940:4735.547159534947;1370:4742.573783534947;939:4743.270455534947;1903:4744.092047534948;983:4745.074559534947;3921:4748.8727035349475;840:4753.433543534948;2881:4760.064167534948;5099:4761.217031534948;2878:4762.345055534947;1735:4773.329375534947;2581:4774.668791534947;370:4776.251639534947;361:4778.748743534947;2874:4779.334751534947;1887:4784.990135534947;4059:4786.909439534947;910:4791.425639534947;6541:4792.089767534947;3462:4794.303407534947;3648:4794.633167534947;2851:4799.307407534947;2850:4800.240767534947;1801:4803.536447534947;1560:4808.276927534947;5242:4809.959567534947;922:4810.875479534948;6385:4814.0971195349475;3550:4814.358959534948;2981:4816.623080680803
1,4,default_vehtype,boarding,True,4816.623080680803,4846.623080680803,2981;-1;-1,2981;-1;-1,0.0,0.9612784152463306,0.9612784152463306,0.0,,0,59,1,,59,,
1,1,default_vehtype,route,False,4650.0,4871.919019900917,2991;-1;-1,2987;-1;-1,2598.493943068325,0.6897865746203831,0.6895267252260762,0.0,,0,62,1,,,2991;3010;5631;1068;2867;2760;542;1074;1071;1070;1069;1067;1504;4396;710;2281;4664;6260;3300;1832;708;6180;2405;6169;2744;2567;2576;3077;3241;88;2758;2742;2448;2353;6140;7386;3742;7100;6318;737;6639;2446;2301;1992;1990;1988;1985;3729;5498;5496;5699;5494;6307;374;7114;3246;5330;661;445;6080;7381;364;3029;3886;5711;6045;2157;4817;456;5901;7605;2830;1420;1084;7357;2826;2827;4225;2987,2991:4650;3010:4654.047268930627;5631:4659.896692930627;1068:4662.449092930627;2867:4663.323388930627;2760:4669.861924930627;542:4677.390028930627;1074:4678.3234369306265;1071:4679.3259649306265;1070:4693.789252930626;1069:4694.527540930626;1067:4697.189596930626;1504:4701.643372930626;4396:4701.869668930626;710:4702.4203249306265;2281:4703.426020930627;4664:4707.304012930626;6260:4707.749908930627;3300:4708.3490209306265;1832:4711.139236930627;708:4711.678300930626;6180:4712.101732930626;2405:4714.324132930626;6169:4717.801252930625;2744:4722.401812930625;2567:4724.244772930625;2576:4732.733332930625;3077:4734.865972930625;3241:4737.994852930625;88:4739.921692930625;2758:4741.885132930625;2742:4742.291572930625;2448:4745.477212930625;2353:4751.678092930625;6140:4756.849132930625;7386:4758.191572930626;3742:4765.850572930625;7100:4766.390212930625;6318:4766.868292930625;737:4767.784012930625;6639:4769.633212930625;2446:4771.204492930625;2301:4773.501532930625;1992:4774.526572930626;1990:4776.223492930626;1988:4778.677492930626;1985:4782.199252930625;3729:4784.546692930625;5498:4785.944092930625;5496:4788.851332930624;5699:4789.548772930624;5494:4790.652532930624;6307:4790.869372930624;374:4799.170372930625;7114:4801.385380930625;3246:4802.523196930625;5330:4803.270772930625;661:4804.262212930625;445:4807.291900930624;6080:4810.115308930624;7381:4810.524196930624;364:4810.959580930625;3029:4812.9837889306245;3886:4813.481812930625;5711:4816.021396930625;6045:4817.4156769306255;2157:4821.604204930625;4817:4822.080988930626;456:4822.695868930626;5901:4823.451436930625;7605:4826.923132930625;2830:4827.152524930625;1420:4838.857636930625;1084:4842.392620930625;7357:4846.977148930625;2826:4856.186452930625;2827:4865.395756930625;4225:4869.980284930625;2987:4871.919019900917
1,1,default_vehtype,boarding,True,4871.919019900917,4901.919019900917,2987;-1;-1,2987;-1;-1,0.0,0.6895267252260762,0.6895267252260762,0.0,,0,62,1,,62,,
1,2,default_vehtype,boarding,True,4920,4950.0,2980;-1;-1,2980;-1;-1,0.0,0.7723141524921924,0.7723141524921924,0.0,,0,65,1,65,,,
1,4,default_vehtype,route,False,4920,4956.179240432202,2981;-1;-1,2979;-1;-1,176.13052741122,0.9612784152463306,0.9612608021935894,0.0,,0,,0,,,2981;6320;7278;2411;6281;2286;2287;6538;2979,2981:4920;6320:4923.373118854145;7278:4926.891878854145;2411:4932.726998854145;6281:4937.771113139859;2286:4942.538027425573;2287:4947.304941711287;6538:4952.349055997001;2979:4956.179240432202
1,1,default_vehtype,boarding,True,4980.0,5010.0,2987;-1;-1,2987;-1;-1,0.0,0.6895267252260762,0.6895267252260762,0,,0,67,1,67,,,
1,4,default_vehtype,boarding,True,4956.179240432202,4986.179240432202,2979;-1;-1,2979;-1;-1,0.0,0.9612608021935894,0.9612608021935894,0,,0,66,1,66,,,
1,1,default_vehtype,route,False,5010,5137.425794066561,2987;-1;-1,2984;-1;-1,1389.2919531006646,0.6895267252260762,0.689387796030766,0.0,,0,67,1,,,2987;4613;1084;7357;3525;6025;3063;6027;7362;2188;2186;5744;6033;5746;6031;146;2828;2376;3091;4274;880;3109;3874;4306;429;4313;68;7318;7325;3011;4;4345;1199;1204;2996;2984,2987:5010;4613:5011.596249029708;1084:5015.131233029708;7357:5019.715761029708;3525:5030.594601029708;6025:5032.336065029708;3063:5033.600745029708;6027:5034.902721029708;7362:5038.910961029708;2188:5045.574129029708;2186:5046.850401029708;5744:5048.8658250297085;6033:5050.235265029709;5746:5052.158673029709;6031:5053.650297029709;146:5054.611425029709;2828:5055.703233029709;2376:5061.205113029709;3091:5074.5268410297085;4274:5075.669769029709;880:5076.261105029709;3109:5078.111649029709;3874:5083.975929029709;4306:5096.091489029709;429:5097.493809029709;4313:5098.676769029709;68:5104.275129029709;7318:5110.943169029709;7325:5114.269929029709;3011:5118.280569029709;4:5123.065689029709;4345:5125.109169029709;1199:5129.099511886851;1204:5133.089854743994;2996:5135.133334743994;2984:5137.425794066561
1,1,default_vehtype,boarding,True,5137.425794066561,5167.425794066561,2984;-1;-1,2984;-1;-1,0.0,0.689387796030766,0.689387796030766,0.0,,0,67,1,,67,,
1,4,default_vehtype,route,False,4986.179240432202,5218.662732015098,2979;-1;-1,2993;-1;-1,3080.537518846917,0.9612608021935894,0.9609527484417048,0.0,,0,66,1,,,2979;2786;2307;3549;6384;4032;1804;4811;5237;608;459;2416;4011;5246;363;366;2314;2877;1748;2880;906;984;2268;1857;1806;1371;938;5442;4054;2205;1369;2047;3631;4079;4572;4577;778;3636;3639;3642;7178;5275;5297;5072;1464;2847;5825;4587;5794;3202;2065;2023;4203;537;18;5629;1068;2559;6740;1717;2067;2063;1937;6789;3895;5465;7450;2993,2979:4986.179240432202;2786:4988.184175997001;2307:4991.702935997001;3549:4997.340175997001;6384:4997.602015997001;4032:5000.823655997001;1804:5001.739567997001;4811:5003.422207997001;5237:5008.162687997002;608:5017.0287679970015;459:5017.358527997001;2416:5019.572167997001;4011:5020.236295997001;5246:5026.161463997001;363:5033.070151997002;366:5034.475231997002;2314:5035.620103997002;2877:5048.791207997002;1748:5049.909727997002;2880:5051.071519997002;906:5063.296831997001;984:5066.066527997002;2268:5066.814391997002;1857:5067.200311997001;1806:5067.862495997001;1371:5068.532671997001;938:5071.113799997001;5442:5080.834447997001;4054:5088.474439997001;2205:5094.226879997002;1369:5100.673039997002;2047:5101.616095997002;3631:5103.178927997002;4079:5104.246183997002;4572:5108.0446159970015;4577:5109.777295997002;778:5114.083615997001;3636:5115.087007997001;3639:5115.940135997001;3642:5117.003719997001;7178:5120.582119997001;5275:5125.091407997002;5297:5128.470223997002;5072:5128.700479997002;1464:5135.640991997002;2847:5136.711703997002;5825:5139.610351997002;4587:5141.890663997002;5794:5143.510807997002;3202:5147.632159997002;2065:5152.776415997002;2023:5158.334743997002;4203:5159.135527997002;537:5160.089527997002;18:5165.9570959970015;5629:5171.8065199970015;1068:5174.358919997001;2559:5181.409519997001;6740:5185.880143997;1717:5191.713871997;2067:5192.451655997;2063:5193.1679119969995;1937:5196.437863996999;6789:5206.974271996999;3895:5208.241255996999;5465:5215.773175996999;7450:5216.757415996999;2993:5218.662732015098
1,1,default_vehtype,route,False,5220.0,5264.908890042598,2984;-1;-1,2985;-1;-1,386.725802383677,0.689387796030766,0.6893491234505277,0.0,,0,,0,,,2984;3012;7321;2804;3061;1173;3425;4304;793;118;3979;2985,2984:5220;3012:5222.4926606774325;7321:5226.503300677433;2804:5229.830060677433;3061:5236.498100677432;1173:5242.096460677432;3425:5243.279420677432;4304:5244.681740677433;793:5256.797300677433;118:5262.6615806774325;3979:5264.512124677432;2985:5264.908890042598
1,4,default_vehtype,boarding,True,5218.662732015098,5248.662732015098,2993;-1;-1,2993;-1;-1,0.0,0.9609527484417048,0.9609527484417048,0.0,,0,66,1,,66,,
1,1,default_vehtype,boarding,True,5264.908890042598,5294.908890042598,2985;-1;-1,2985;-1;-1,0.0,0.6893491234505277,0.6893491234505277,0.0,,0,71,1,71,,,
1,2,default_vehtype,route,False,4950.0,5294.710441981238,2980;-1;-1,2972;-1;-1,2999.8842262698054,0.7723141524921924,0.7720141640695652,0.0,,0,65,1,,,2980;914;2135;1730;2664;2579;2961;2407;2581;370;361;2874;1887;4059;910;6541;3462;3648;2851;2850;1801;1560;5242;4277;5239;6501;3911;5389;7301;3914;5398;5400;4040;4041;5374;5418;5424;5403;6546;1200;7312;3767;4527;3089;3131;5447;7352;414;122;3426;4305;793;118;3979;4275;103;6480;7360;3154;6028;5745;6035;5743;6038;6041;7365;6050;6068;6077;3629;4502;6912;2108;7370;7608;5900;3459;4818;5992;6047;5708;3884;3030;3347;7376;2207;3446;3720;5332;251;2711;3358;2296;5681;2294;2035;6308;374;7114;3246;5330;661;445;2972,2980:4950;914:4965.882170735657;2135:4973.833027878514;1730:4989.289370735657;2664:4991.111485021372;2579:4995.987427878515;2961:5012.758285021372;2407:5018.007085021372;2581:5026.494342164229;370:5028.077190164229;361:5030.574294164229;2874:5031.1603021642295;1887:5036.815686164229;4059:5038.734990164229;910:5043.251190164229;6541:5043.91531816423;3462:5046.1289581642295;3648:5046.458718164229;2851:5051.132958164229;2850:5052.066318164229;1801:5055.36199816423;1560:5060.10247816423;5242:5061.78511816423;4277:5063.37319816423;5239:5068.8778381642305;6501:5074.8403981642305;3911:5084.19523816423;5389:5085.261078164231;7301:5085.514998164231;3914:5086.698678164231;5398:5087.875518164231;5400:5089.202118164231;4040:5098.506918164231;4041:5101.451238164231;5374:5105.703798164231;5418:5106.74107816423;5424:5106.88435816423;5403:5107.98967816423;6546:5112.21655816423;1200:5116.82563816423;7312:5118.319398164231;3767:5120.325798164231;4527:5123.122638164231;3089:5131.532238164231;3131:5132.012478164231;5447:5134.400118164231;7352:5135.71147816423;414:5138.18119816423;122:5150.535558164231;3426:5151.789078164231;4305:5153.191398164231;793:5165.306958164231;118:5171.171238164231;3979:5173.021782164231;4275:5173.613118164231;103:5174.7560461642315;6480:5188.077774164231;7360:5193.579654164231;3154:5194.671462164231;6028:5195.632590164231;5745:5197.1242141642315;6035:5199.047622164231;5743:5200.4170621642315;6038:5202.432486164232;6041:5203.708758164232;7365:5210.371926164232;6050:5212.6454701642315;6068:5216.871798164231;6077:5217.517494164231;3629:5219.074782164231;4502:5219.537670164231;6912:5224.686102164231;2108:5226.58251016423;7370:5233.10923816423;7608:5233.33863016423;5900:5236.81032616423;3459:5237.56589416423;4818:5238.18077416423;5992:5238.65755816423;6047:5242.84608616423;5708:5244.24036616423;3884:5246.77995016423;3030:5247.277974164231;3347:5249.3021821642305;7376:5249.737566164231;2207:5250.146454164231;3446:5252.969862164231;3720:5255.999550164231;5332:5256.99099016423;251:5257.73856616423;2711:5258.876382164231;3358:5261.091390164231;2296:5269.392390164231;5681:5271.786390164231;2294:5273.117875878517;2035:5274.449361592803;6308:5276.843361592803;374:5285.144361592804;7114:5287.359369592804;3246:5288.497185592804;5330:5289.244761592804;661:5290.236201592804;445:5293.265889592803;2972:5294.710441981238
1,2,default_vehtype,boarding,True,5294.710441981238,5324.710441981238,2972;-1;-1,2972;-1;-1,0.0,0.7720141640695652,0.7720141640695652,0.0,,0,65,1,,65,,
1,0,default_vehtype,route,False,5400.0,5417.994410650397,2982;-1;-1,2978;-1;-1,149.95342208664545,0.9154972635912559,0.9154822682490473,0.0,,0,,0,,,2982;2809;4365;7288;1182;2978,2982:5400;2809:5405.700967345425;4365:5413.282087345425;7288:5414.405287345425;1182:5415.322207345424;2978:5417.994410650397
1,0,default_vehtype,boarding,True,5417.994410650397,5447.994410650397,2978;-1;-1,2978;-1;-1,0.0,0.9154822682490473,0.9154822682490473,0.0,,0,73,1,73,,,
1,4,default_vehtype,route,False,5400.0,5405.864769547126,2993;-1;-1,2967;-1;-1,81.45513259898192,0.9609527484417048,0.9609446029284449,0.0,,0,,0,,,2993;4483;7446;1960;2967,2993:5400;4483:5400.761419981901;7446:5403.428155981901;1960:5404.412395981901;2967:5405.864769547126
1,4,default_vehtype,boarding,True,5405.864769547126,5435.864769547126,2967;-1;-1,2967;-1;-1,0.0,0.9609446029284449,0.9609446029284449,0.0,,0,72,1,72,,,
1,1,default_vehtype,route,False,5294.908890042598,5546.79121024266,2985;-1;-1,2967;-1;-1,2621.8042250008402,0.6893491234505277,0.6890869430280275,0.0,,0,71,1,,,2985;1140;880;3109;3874;4306;429;3125;3406;2825;1944;130;99;4526;714;2800;4332;799;3653;3825;7127;1836;4248;5046;7138;6879;1367;3637;1339;1395;1399;835;1147;2412;836;1097;738;2470;734;1815;739;1724;1962;1910;164;1354;197;1311;7;1963;1308;482;7613;2611;1307;2876;1960;2967,2985:5294.908890042598;1140:5295.103460677433;880:5295.694796677433;3109:5297.545340677433;3874:5303.409620677433;4306:5315.525180677433;429:5316.927500677433;3125:5318.1810206774335;3406:5330.535380677434;2825:5333.005100677434;1944:5334.3164606774335;130:5336.704100677433;99:5337.184340677433;4526:5345.593940677433;714:5348.390780677433;2800:5350.397180677433;4332:5351.212820677433;799:5352.393740677433;3653:5356.989980677433;3825:5358.238580677433;7127:5401.798700677433;1836:5403.149660677433;4248:5417.694860677432;5046:5434.035380677432;7138:5435.673980677432;6879:5441.940380677433;1367:5453.433260677432;3637:5455.326380677432;1339:5456.318756677432;1395:5464.856084677433;1399:5466.996788677433;835:5470.573748677433;1147:5471.366324677433;2412:5472.174380677433;836:5473.173164677433;1097:5488.433924677433;738:5489.136572677434;2470:5490.086252677434;734:5490.295124677434;1815:5491.303340677434;739:5492.143868677434;1724:5508.601556677434;1962:5509.658372677434;1910:5510.480612677435;164:5511.431804677435;1354:5512.388324677435;197:5514.597572677435;1311:5526.1323326774345;7:5529.827300677434;1963:5530.235756677434;1308:5530.596980677435;482:5535.151628677435;7613:5536.475780677435;2611:5540.372132677435;1307:5541.687860677434;2876:5544.3545966774345;1960:5545.338836677434;2967:5546.79121024266
1,1,default_vehtype,boarding,True,5546.79121024266,5576.79121024266,2967;-1;-1,2967;-1;-1,0.0,0.6890869430280275,0.6890869430280275,0.0,,0,71,1,,71,,
1,3,default_vehtype,route,False,5460.0,5540.354986667992,2982;-1;-1,2984;-1;-1,669.6248888999352,0.9347862978169895,0.9347193353280996,0.0,,0,,0,,,2982;2809;7010;820;7498;276;2915;2661;7517;6201;7314;7529;2803;7558;2806;4344;2996;2984,2982:5460;2809:5465.700967345425;7010:5468.608447345425;820:5470.589407345425;7498:5471.0574073454245;276:5471.169007345425;2915:5482.515007345424;2661:5489.748367345424;7517:5497.060327345424;6201:5497.921447345424;7314:5504.816767345424;7529:5512.0322473454235;2803:5519.587207345424;7558:5526.982207345424;2806:5534.8160473454245;4344:5536.019047345425;2996:5538.062527345425;2984:5540.354986667992
1,3,default_vehtype,boarding,True,5540.354986667992,5570.354986667992,2984;-1;-1,2984;-1;-1,0.0,0.9347193353280996,0.9347193353280996,0.0,,0,76,1,76,,,
1,0,default_vehtype,route,False,5447.994410650397,5661.507252393478,2978;-1;-1,2969;-1;-1,2609.13704257042,0.9154822682490473,0.9152213545447903,0.0,,0,73,1,,,2978;4103;6297;1434;3820;3877;2787;4993;6537;7281;2307;3549;6384;4032;1804;4811;5237;608;459;2416;4011;5246;363;366;2314;2877;1748;2880;906;984;2268;1857;1806;1371;938;5442;4054;2205;1369;2047;3631;4079;4572;4577;778;3636;3639;3642;7178;5275;5297;5072;1464;2847;5825;4587;5794;3202;2065;2023;4203;4198;336;2969,2978:5447.994410650397;4103:5450.613367345425;6297:5452.972687345425;1434:5458.931767345424;3820:5464.040407345425;3877:5465.948287345424;2787:5474.740807345424;4993:5475.789847345424;6537:5481.589687345424;7281:5487.424807345424;2307:5490.943567345424;3549:5496.580807345424;6384:5496.842647345424;4032:5500.0642873454235;1804:5500.980199345424;4811:5502.662839345424;5237:5507.403319345424;608:5516.269399345424;459:5516.599159345424;2416:5518.812799345424;4011:5519.476927345424;5246:5525.402095345424;363:5532.310783345424;366:5533.715863345425;2314:5534.8607353454245;2877:5548.0318393454245;1748:5549.1503593454245;2880:5550.312151345424;906:5562.537463345424;984:5565.307159345424;2268:5566.055023345424;1857:5566.440943345424;1806:5567.103127345424;1371:5567.773303345423;938:5570.354431345423;5442:5580.075079345424;4054:5587.715071345424;2205:5593.467511345424;1369:5599.9136713454245;2047:5600.856727345425;3631:5602.419559345424;4079:5603.4868153454245;4572:5607.285247345424;4577:5609.017927345424;778:5613.324247345424;3636:5614.327639345423;3639:5615.180767345423;3642:5616.244351345424;7178:5619.822751345424;5275:5624.332039345424;5297:5627.7108553454245;5072:5627.941111345424;1464:5634.8816233454245;2847:5635.952335345424;5825:5638.8509833454245;4587:5641.131295345424;5794:5642.751439345425;3202:5646.872791345425;2065:5652.0170473454245;2023:5657.575375345425;4203:5658.376159345425;4198:5659.357807345425;336:5660.380927345424;2969:5661.507252393478
1,0,default_vehtype,boarding,True,5661.507252393478,5691.507252393478,2969;-1;-1,2969;-1;-1,0.0,0.9152213545447903,0.9152213545447903,0.0,,0,73,1,,73,,
1,2,default_vehtype,route,False,5580.0,5668.223038867479,2972;-1;-1,2975;-1;-1,1181.6034995154696,0.7720141640695652,0.7718960037196138,0.0,,0,,0,,,2972;6079;7380;364;3029;3886;5711;6045;2157;4817;456;5901;7605;2830;5852;6913;1321;597;2204;6066;6049;7367;2188;2186;5744;6033;5746;6031;146;2828;2376;3091;4274;880;3109;3874;2975,2972:5580;6079:5581.378855611566;7380:5581.787743611566;364:5582.223127611566;3029:5584.247335611566;3886:5584.7453596115665;5711:5587.284943611567;6045:5588.679223611567;2157:5592.867751611567;4817:5593.344535611567;456:5593.959415611567;5901:5594.714983611567;7605:5598.186679611566;2830:5598.416071611567;5852:5604.942799611566;6913:5606.839207611566;1321:5611.987639611566;597:5612.450527611566;2204:5614.007815611566;6066:5614.653511611566;6049:5618.879839611565;7367:5621.153383611565;2188:5627.816551611565;2186:5629.092823611565;5744:5631.108247611565;6033:5632.477687611566;5746:5634.401095611565;6031:5635.892719611566;146:5636.8538476115655;2828:5637.945655611566;2376:5643.447535611565;3091:5656.769263611565;4274:5657.9121916115655;880:5658.503527611566;3109:5660.354071611566;3874:5666.218351611566;2975:5668.223038867479
1,2,default_vehtype,boarding,True,5668.223038867479,5698.223038867479,2975;-1;-1,2975;-1;-1,0.0,0.7718960037196138,0.7718960037196138,0.0,,0,83,1,83,,,
1,4,default_vehtype,route,False,5435.864769547126,5656.243565127757,2967;-1;-1,2981;-1;-1,2961.6368211428808,0.9609446029284449,0.9606484392463306,0.0,,0,72,1,,,2967;3896;6788;5444;1716;2720;4210;1711;98;2497;7434;2760;542;1074;4204;5649;5760;205;5793;1407;5826;7411;4686;5074;5295;5274;7181;604;603;602;3851;4573;1400;971;598;1368;591;585;940;1370;939;1903;983;3921;840;2881;5099;2878;1735;2581;370;361;2874;1887;4059;910;6541;3462;3648;2851;2850;1801;1560;5242;922;6385;3550;2981,2967:5435.864769547126;3896:5441.944315981901;6788:5443.211299981901;5444:5453.747707981901;1716:5456.538067981901;2720:5457.284707981901;4210:5458.182979981902;1711:5459.312659981902;98:5467.928467981901;2497:5469.439099981902;7434:5476.646947981902;2760:5483.185483981902;542:5490.713587981902;1074:5491.6469959819015;4204:5492.628643981901;5649:5493.429427981901;5760:5498.9877559819015;205:5504.132011981901;5793:5508.253363981901;1407:5509.873507981902;5826:5512.1538199819015;7411:5515.052467981902;4686:5516.123179981902;5074:5523.063691981902;5295:5523.2939479819015;5274:5526.672763981902;7181:5531.182051981902;604:5534.760451981902;603:5535.824035981903;602:5536.677163981903;3851:5537.680555981902;4573:5541.986875981902;1400:5543.719555981902;971:5547.517987981902;598:5548.585243981902;1368:5549.545579981902;591:5555.416531981902;585:5568.587779981902;940:5575.167643981902;1370:5582.194267981902;939:5582.890939981902;1903:5583.712531981902;983:5584.695043981902;3921:5588.493187981902;840:5593.054027981902;2881:5599.684651981903;5099:5600.8375159819025;2878:5601.965539981902;1735:5612.949859981902;2581:5614.2892759819015;370:5615.8721239819015;361:5618.3692279819015;2874:5618.955235981902;1887:5624.610619981901;4059:5626.529923981901;910:5631.0461239819015;6541:5631.710251981902;3462:5633.923891981902;3648:5634.253651981901;2851:5638.927891981902;2850:5639.861251981902;1801:5643.156931981902;1560:5647.897411981902;5242:5649.580051981902;922:5650.495963981903;6385:5653.717603981902;3550:5653.9794439819025;2981:5656.243565127757
1,4,default_vehtype,boarding,True,5656.243565127757,5686.243565127757,2981;-1;-1,2981;-1;-1,0.0,0.9606484392463306,0.9606484392463306,0.0,,0,72,1,,72,,
1,1,default_vehtype,route,False,5580.0,5734.035201572945,2967;-1;-1,2966;-1;-1,1352.74125658498,0.6890869430280275,0.688951668902369,0.0,,0,,0,,,2967;3896;5466;7451;4482;6930;7615;3488;4485;5469;2998;901;1083;1355;1961;1962;1033;1559;1958;2907;636;1954;1949;186;333;2164;695;694;1041;1623;1383;2333;2966,2967:5580;3896:5586.079546434775;5466:5593.611466434775;7451:5594.595706434775;4482:5597.262442434775;6930:5598.578170434775;7615:5602.474522434774;3488:5603.7986744347745;4485:5608.353322434775;5469:5608.714546434775;2998:5609.123002434775;901:5610.3685304347755;1083:5613.158962434775;1355:5626.848250434775;1961:5627.830978434775;1962:5628.7698584347745;1033:5629.979314434774;1559:5636.363410434774;1958:5643.710434434774;2907:5644.334098434773;636:5647.1492264347735;1954:5647.759930434773;1949:5656.660066434773;186:5658.226210434774;333:5658.865930434774;2164:5659.482322434774;695:5664.189610434773;694:5667.358330434773;1041:5668.177258434773;1623:5672.56051557763;1383:5683.645944149059;2333:5723.799829863345;2966:5734.035201572945
1,2,default_vehtype,route,False,5698.223038867479,5741.398078240906,2975;-1;-1,2976;-1;-1,359.7919947785567,0.7718960037196138,0.7718600245201359,0.0,,0,83,1,,,2975;1166;429;4313;68;7318;7325;3011;4;4345;7330;2976,2975:5698.223038867479;1166:5708.333911611566;429:5709.736231611566;4313:5710.919191611566;68:5716.517551611566;7318:5723.1855916115655;7325:5726.5123516115655;3011:5730.522991611566;4:5735.308111611565;4345:5737.351591611566;7330:5738.554591611566;2976:5741.398078240906
1,0,default_vehtype,boarding,True,5760.0,5790.0,2969;-1;-1,2969;-1;-1,0.0,0.9152213545447903,0.9152213545447903,0.0,,0,86,1,86,,,
1,1,default_vehtype,boarding,True,5734.035201572945,5764.035201572945,2966;-1;-1,2966;-1;-1,0.0,0.688951668902369,0.688951668902369,0.0,,0,82,1,82,,,
1,2,default_vehtype,boarding,True,5741.398078240906,5771.398078240906,2976;-1;-1,2976;-1;-1,0.0,0.7718600245201359,0.7718600245201359,0.0,,0,83,1,,83,,
1,2,default_vehtype,route,False,5771.398078240906,5789.761210934134,2976;-1;-1,2984;-1;-1,153.0261057768949,0.7718600245201359,0.7718447219095582,0.0,,0,,0,,,2976;7557;2806;4344;2996;2984,2976:5771.398078240906;7557:5776.388431611566;2806:5784.222271611567;4344:5785.425271611567;2996:5787.468751611567;2984:5789.761210934134
1,2,default_vehtype,boarding,True,5789.761210934134,5819.761210934134,2984;-1;-1,2984;-1;-1,0.0,0.7718447219095582,0.7718447219095582,0.0,,0,81,1,81,,,
1,3,default_vehtype,route,False,5570.354986667992,5814.718303810477,2984;-1;-1,2992;-1;-1,2495.7221787710323,0.9347193353280996,0.9344697631102226,0.0,,0,76,1,,,2984;3012;7321;2804;3061;1173;3425;3125;3406;2825;1944;130;99;4526;714;2800;4332;799;3653;3825;7127;1836;4248;5046;7138;6879;1367;3637;3640;3643;7179;5275;5297;5072;1464;2847;5825;4587;5794;3202;2065;2023;4203;537;18;5629;1068;2559;6740;1717;2067;2063;1937;2992,2984:5570.354986667992;3012:5572.847647345425;7321:5576.858287345425;2804:5580.185047345425;3061:5586.853087345425;1173:5592.451447345425;3425:5593.634407345425;3125:5594.887927345425;3406:5607.242287345425;2825:5609.712007345425;1944:5611.023367345425;130:5613.411007345425;99:5613.891247345425;4526:5622.300847345425;714:5625.097687345425;2800:5627.104087345425;4332:5627.919727345425;799:5629.1006473454245;3653:5633.696887345424;3825:5634.945487345424;7127:5678.505607345424;1836:5679.856567345424;4248:5694.401767345424;5046:5710.742287345423;7138:5712.380887345424;6879:5718.647287345424;1367:5730.140167345424;3637:5732.033287345424;3640:5732.886415345423;3643:5733.949999345424;7179:5737.528399345424;5275:5742.037687345424;5297:5745.416503345425;5072:5745.6467593454245;1464:5752.587271345425;2847:5753.657983345424;5825:5756.556631345425;4587:5758.8369433454245;5794:5760.457087345425;3202:5764.578439345425;2065:5769.722695345425;2023:5775.281023345425;4203:5776.081807345425;537:5777.0358073454245;18:5782.903375345424;5629:5788.752799345424;1068:5791.305199345424;2559:5798.355799345423;6740:5802.826423345423;1717:5808.6601513454225;2067:5809.397935345422;2063:5810.114191345422;1937:5813.384143345422;2992:5814.718303810477
1,4,default_vehtype,route,False,5686.243565127757,5765.332959286876,2981;-1;-1,2978;-1;-1,682.0646846593123,0.9606484392463306,0.9605802327778646,0.0,,0,,0,,,2981;6320;3549;6384;4032;1804;4277;5239;6501;3911;5389;7301;918;3075;7097;7290;2736;1744;1164;2789;1182;2978,2981:5686.243565127757;6320:5689.6166839819025;3549:5695.2539239819025;6384:5695.515763981903;4032:5698.737403981902;1804:5699.653315981903;4277:5701.241395981903;5239:5706.746035981903;6501:5712.708595981903;3911:5722.063435981903;5389:5723.129275981903;7301:5723.383195981904;918:5724.525355981904;3075:5732.398315981904;7097:5733.247675981904;7290:5739.049795981904;2736:5747.768275981904;1744:5749.223515981904;1164:5760.332035981904;2789:5761.743835981903;1182:5762.660755981903;2978:5765.332959286876
1,4,default_vehtype,boarding,True,5765.332959286876,5795.332959286876,2978;-1;-1,2978;-1;-1,0.0,0.9605802327778646,0.9605802327778646,0.0,,0,80,1,80,,,
1,0,default_vehtype,route,False,5790.0,5869.632382830864,2969;-1;-1,2990;-1;-1,728.1426288791163,0.9152213545447903,0.9151485402819024,0.0,,0,86,1,,,2969;7192;1664;1659;538;4990;4939;5252;3070;1657;4439;4842;1272;3423;4282;4975;6830;4349;4937;669;5061;7265;3848;534;2839;5449;2990,2969:5790;7192:5793.603642951946;1664:5796.8575389519465;1659:5801.617098951947;538:5802.768138951947;4990:5806.465218951947;4939:5807.855778951946;5252:5813.280498951946;3070:5814.316938951946;1657:5821.8337389519465;4439:5827.463898951946;4842:5831.848458951947;1272:5832.033378951946;3423:5833.249938951946;4282:5837.027418951946;4975:5838.077178951946;6830:5838.850098951946;4349:5839.398978951946;4937:5843.7685389519465;669:5854.075938951946;5061:5859.884298951946;7265:5860.667538951946;3848:5861.642178951946;534:5865.6871389519465;2839:5867.045778951947;5449:5868.244818951947;2990:5869.632382830864
1,3,default_vehtype,boarding,True,5814.718303810477,5844.718303810477,2992;-1;-1,2992;-1;-1,0.0,0.9344697631102226,0.9344697631102226,0.0,,0,76,1,,76,,
1,0,default_vehtype,boarding,True,5869.632382830864,5899.632382830864,2990;-1;-1,2990;-1;-1,0.0,0.9151485402819024,0.9151485402819024,0,,0,86,1,,86,,
1,1,default_vehtype,route,False,5764.035201572945,5945.004639415647,2966;-1;-1,2970;-1;-1,1660.3445869925656,0.688951668902369,0.6887856344436698,0.0,,0,82,1,,,2966;2743;2631;2150;735;738;1096;3736;81;831;2413;1146;832;1880;1340;3638;3641;7177;5275;5297;5072;1464;2847;5825;4587;5794;3202;2065;2023;4203;4198;336;2759;1664;1659;4844;3270;4850;6823;1946;7401;3560;2970,2966:5764.035201572945;2743:5771.879029863345;2631:5775.890458434774;2150:5792.8207441490595;735:5803.302915577631;738:5809.47074414906;1096:5819.009715577631;3736:5819.272731577631;81:5823.121635577631;831:5833.968219577631;2413:5834.9559155776315;1146:5835.7692995776315;832:5836.577715577631;1880:5839.175403577631;1340:5850.708219577631;3638:5851.694691577631;3641:5852.758275577631;7177:5856.3366755776315;5275:5860.845963577632;5297:5864.224779577632;5072:5864.455035577632;1464:5871.395547577632;2847:5872.466259577632;5825:5875.364907577632;4587:5877.645219577632;5794:5879.265363577632;3202:5883.3867155776325;2065:5888.530971577632;2023:5894.089299577632;4203:5894.890083577632;4198:5895.871731577632;336:5896.894851577632;2759:5901.624819577632;1664:5904.878715577632;1659:5909.638275577632;4844:5921.910795577633;3270:5923.783875577633;4850:5929.3369955776325;6823:5936.817315577632;1946:5941.070595577632;7401:5942.2696355776325;3560:5943.345195577633;2970:5945.004639415647
1,1,default_vehtype,boarding,True,5945.004639415647,5975.004639415647,2970;-1;-1,2970;-1;-1,0.0,0.6887856344436698,0.6887856344436698,0.0,,0,82,1,,82,,
1,2,default_vehtype,route,False,5819.761210934134,6028.61912465962,2984;-1;-1,2969;-1;-1,2002.5915757571302,0.7718447219095582,0.7716444627519825,0.0,,0,81,1,,,2984;3012;7321;2804;3061;1173;3425;3125;3406;2825;1944;130;99;4526;714;2800;4332;799;3653;3825;7127;1836;4248;5046;7138;6879;1367;3637;3640;3643;7179;5275;5297;5072;1464;2847;5825;4587;5794;3202;2065;2023;4203;4198;336;2969,2984:5819.761210934134;3012:5822.253871611567;7321:5826.264511611567;2804:5829.591271611567;3061:5836.259311611567;1173:5841.857671611567;3425:5843.040631611567;3125:5844.294151611567;3406:5856.648511611567;2825:5859.118231611567;1944:5860.429591611567;130:5862.817231611567;99:5863.297471611567;4526:5871.707071611567;714:5874.503911611567;2800:5876.510311611567;4332:5877.325951611567;799:5878.506871611567;3653:5883.103111611566;3825:5884.351711611566;7127:5927.911831611566;1836:5929.262791611566;4248:5943.807991611566;5046:5960.1485116115655;7138:5961.787111611566;6879:5968.053511611566;1367:5979.546391611566;3637:5981.439511611566;3640:5982.292639611565;3643:5983.356223611566;7179:5986.934623611566;5275:5991.443911611566;5297:5994.822727611567;5072:5995.052983611567;1464:6001.993495611567;2847:6003.064207611566;5825:6005.962855611567;4587:6008.243167611567;5794:6009.863311611567;3202:6013.984663611567;2065:6019.128919611567;2023:6024.687247611567;4203:6025.488031611567;4198:6026.469679611567;336:6027.492799611567;2969:6028.61912465962
1,2,default_vehtype,boarding,True,6028.61912465962,6058.61912465962,2969;-1;-1,2969;-1;-1,0.0,0.7716444627519825,0.7716444627519825,0.0,,0,81,1,,81,,
1,4,default_vehtype,route,False,5795.332959286876,6065.2419119999995,2978;-1;-1,2993;-1;-1,3392.4163615988255,0.9605802327778646,0.9602409911417048,0.0,,0,80,1,,,2978;4103;6297;1434;3820;3877;2787;4993;6537;7281;2307;3549;6384;4032;1804;4811;5237;608;459;2416;4011;5246;363;366;2314;2877;1748;2880;906;984;2268;1857;1806;1371;938;5442;4054;2205;1369;2047;3631;4079;4572;4577;778;3636;3639;3642;7178;5275;5297;5072;1464;2847;5825;4587;5794;3202;2065;2023;4203;537;18;5629;1068;2559;6740;1717;2067;2063;1937;6789;3895;5465;7450;2993,2978:5795.332959286876;4103:5797.951915981904;6297:5800.311235981903;1434:5806.270315981903;3820:5811.378955981903;3877:5813.286835981903;2787:5822.079355981903;4993:5823.128395981903;6537:5828.928235981903;7281:5834.763355981902;2307:5838.282115981902;3549:5843.919355981902;6384:5844.181195981902;4032:5847.402835981902;1804:5848.318747981903;4811:5850.001387981903;5237:5854.741867981903;608:5863.607947981903;459:5863.937707981902;2416:5866.151347981902;4011:5866.815475981903;5246:5872.740643981902;363:5879.649331981903;366:5881.054411981903;2314:5882.199283981903;2877:5895.370387981903;1748:5896.488907981903;2880:5897.650699981903;906:5909.876011981903;984:5912.645707981903;2268:5913.393571981903;1857:5913.7794919819025;1806:5914.441675981902;1371:5915.111851981902;938:5917.692979981902;5442:5927.413627981902;4054:5935.053619981903;2205:5940.806059981903;1369:5947.252219981903;2047:5948.195275981903;3631:5949.758107981903;4079:5950.825363981903;4572:5954.623795981903;4577:5956.356475981903;778:5960.6627959819025;3636:5961.666187981902;3639:5962.519315981902;3642:5963.582899981902;7178:5967.161299981903;5275:5971.670587981903;5297:5975.049403981903;5072:5975.279659981903;1464:5982.220171981903;2847:5983.290883981903;5825:5986.189531981903;4587:5988.469843981903;5794:5990.0899879819035;3202:5994.211339981904;2065:5999.355595981903;2023:6004.913923981903;4203:6005.714707981903;537:6006.668707981903;18:6012.536275981903;5629:6018.385699981903;1068:6020.938099981902;2559:6027.988699981902;6740:6032.459323981901;1717:6038.293051981901;2067:6039.030835981901;2063:6039.747091981901;1937:6043.0170439819;6789:6053.5534519819;3895:6054.8204359819;5465:6062.3523559819005;7450:6063.3365959819;2993:6065.2419119999995
1,4,default_vehtype,boarding,True,6065.2419119999995,6095.2419119999995,2993;-1;-1,2993;-1;-1,0.0,0.9602409911417048,0.9602409911417048,0.0,,0,80,1,,80,,
1,3,default_vehtype,route,False,6660.0,6688.149747058026,2992;-1;-1,2968;-1;-1,390.96870913923203,0.9344697631102226,0.9344306662393086,0.0,,0,,0,,,2992;2526;5444;1716;2720;4210;1711;2968,2992:6660;2526:6669.202247534946;5444:6679.738655534946;1716:6682.529015534946;2720:6683.275655534946;4210:6684.173927534946;1711:6685.303607534946;2968:6688.149747058026
1,3,default_vehtype,boarding,True,6688.149747058026,6718.149747058026,2968;-1;-1,2968;-1;-1,0.0,0.9344306662393086,0.9344306662393086,0.0,,0,94,1,94,,,
1,0,default_vehtype,route,False,6600.0,6753.950484810419,2990;-1;-1,2973;-1;-1,1527.4185328053675,0.9151485402819024,0.9149957984286219,0.0,,0,,0,,,2990;2552;1946;7401;3560;3731;662;7398;3491;6933;7394;6989;7392;5704;7389;3806;2573;885;316;2042;1982;6306;374;7114;3246;5330;661;445;6080;7381;364;3029;3886;5711;6045;2157;4817;456;5901;7605;2830;1420;1084;2973,2990:6600;2552:6602.865716121083;1946:6607.118996121083;7401:6608.318036121083;3560:6609.393596121084;3731:6612.083156121083;662:6634.532876121083;7398:6638.052116121083;3491:6644.376836121082;6933:6645.288596121082;7394:6650.650196121082;6989:6651.2445561210825;7392:6660.4556361210825;5704:6662.820716121082;7389:6677.358956121082;3806:6681.423356121082;2573:6682.491356121082;885:6683.0947161210825;316:6689.921876121082;2042:6700.660316121082;1982:6701.423036121082;6306:6701.639876121082;374:6709.9408761210825;7114:6712.155884121083;3246:6713.293700121083;5330:6714.041276121083;661:6715.032716121083;445:6718.062404121082;6080:6720.885812121082;7381:6721.294700121082;364:6721.730084121083;3029:6723.7542921210825;3886:6724.252316121083;5711:6726.791900121083;6045:6728.186180121083;2157:6732.374708121083;4817:6732.8514921210835;456:6733.466372121084;5901:6734.221940121083;7605:6737.693636121083;2830:6737.923028121083;1420:6749.628140121083;1084:6753.163124121083;2973:6753.950484810419
1,1,default_vehtype,route,False,6600.0,6742.897444851321,2970;-1;-1,2973;-1;-1,1435.309866479551,0.6887856344436698,0.6886421034570219,0.0,,0,,0,,,2970;671;662;7398;3491;6933;7394;6989;7392;5704;7389;3806;2573;885;316;2042;1982;6306;374;7114;3246;5330;661;445;6080;7381;364;3029;3886;5711;6045;2157;4817;456;5901;7605;2830;1420;1084;2973,2970:6600;671:6601.0301161619855;662:6623.479836161985;7398:6626.999076161985;3491:6633.323796161984;6933:6634.235556161984;7394:6639.5971561619845;6989:6640.1915161619845;7392:6649.402596161985;5704:6651.767676161984;7389:6666.305916161984;3806:6670.370316161984;2573:6671.438316161984;885:6672.0416761619845;316:6678.868836161984;2042:6689.607276161984;1982:6690.369996161984;6306:6690.586836161984;374:6698.8878361619845;7114:6701.102844161985;3246:6702.240660161985;5330:6702.988236161985;661:6703.979676161985;445:6707.009364161984;6080:6709.832772161984;7381:6710.241660161984;364:6710.677044161985;3029:6712.7012521619845;3886:6713.199276161985;5711:6715.738860161985;6045:6717.1331401619855;2157:6721.321668161985;4817:6721.798452161986;456:6722.413332161986;5901:6723.168900161985;7605:6726.640596161985;2830:6726.869988161985;1420:6738.575100161985;1084:6742.110084161985;2973:6742.897444851321
1,1,default_vehtype,boarding,True,6742.897444851321,6772.897444851321,2973;-1;-1,2973;-1;-1,0.0,0.6886421034570219,0.6886421034570219,0.0,,0,92,1,92,,,
1,3,default_vehtype,route,False,6718.149747058026,6751.3938906043195,2968;-1;-1,2991;-1;-1,461.72421592074585,0.9344306662393086,0.9343844938177165,0.0,,0,94,1,,,2968;98;2497;7434;2760;542;1074;4204;537;2991,2968:6718.149747058026;98:6723.919415534947;2497:6725.430047534947;7434:6732.637895534947;2760:6739.176431534947;542:6746.704535534947;1074:6747.637943534947;4204:6748.619591534947;537:6749.573591534947;2991:6751.3938906043195
1,0,default_vehtype,boarding,True,6753.950484810419,6783.950484810419,2973;-1;-1,2973;-1;-1,0.0,0.9149957984286219,0.9149957984286219,0.0,,0,91,1,91,,,
1,3,default_vehtype,boarding,True,6751.3938906043195,6781.3938906043195,2991;-1;-1,2991;-1;-1,0.0,0.9343844938177165,0.9343844938177165,0.0,,0,94,1,,94,,
1,4,default_vehtype,route,False,6660.0,6797.534179120071,2993;-1;-1,2966;-1;-1,1123.5603891839621,0.9602409911417048,0.9601286351027865,0.0,,0,,0,,,2993;4483;6931;7616;3488;4485;5469;2998;901;1083;1355;1961;1962;1033;1559;1958;2907;636;1954;1949;186;333;2164;695;694;1041;1623;1383;2333;2966,2993:6660;4483:6660.761419981901;6931:6662.0771479819;7616:6665.9734999819;3488:6667.2976519819;4485:6671.852299981901;5469:6672.213523981901;2998:6672.621979981901;901:6673.867507981901;1083:6676.657939981901;1355:6690.347227981901;1961:6691.329955981901;1962:6692.2688359819;1033:6693.4782919819;1559:6699.8623879819;1958:6707.209411981899;2907:6707.833075981899;636:6710.648203981899;1954:6711.258907981899;1949:6720.159043981899;186:6721.7251879819;333:6722.3649079819;2164:6722.9812999819;695:6727.688587981899;694:6730.857307981899;1041:6731.676235981899;1623:6736.059493124756;1383:6747.144921696185;2333:6787.2988074104705;2966:6797.534179120071
1,4,default_vehtype,boarding,True,6797.534179120071,6827.534179120071,2966;-1;-1,2966;-1;-1,0.0,0.9601286351027865,0.9601286351027865,0.0,,0,93,1,93,,,
1,3,default_vehtype,boarding,True,6840,6870,2991;-1;-1,2991;-1;-1,0.0,0.9343844938177165,0.9343844938177165,0,,0,96,1,96,,,
1,0,default_vehtype,route,False,6783.950484810419,6973.163772775659,2973;-1;-1,2982;-1;-1,1922.294373658451,0.9149957984286219,0.914803568991256,0.0,,0,91,1,,,2973;7354;3525;6025;3063;6027;7362;2188;2186;5744;6033;5746;6031;146;2828;2376;3091;4274;880;3109;3874;4306;429;3125;3406;2825;1944;130;99;4526;714;2800;4339;2419;5404;5421;1925;1883;926;925;5399;1905;830;2795;918;3075;7097;7290;2736;1744;1164;2789;1218;2982,2973:6783.950484810419;7354:6787.747652121083;3525:6798.626492121083;6025:6800.367956121083;3063:6801.632636121083;6027:6802.934612121083;7362:6806.942852121083;2188:6813.606020121083;2186:6814.882292121083;5744:6816.897716121083;6033:6818.267156121084;5746:6820.190564121083;6031:6821.6821881210835;146:6822.643316121083;2828:6823.735124121084;2376:6829.237004121083;3091:6842.558732121083;4274:6843.7016601210835;880:6844.292996121084;3109:6846.143540121084;3874:6852.007820121084;4306:6864.123380121084;429:6865.525700121084;3125:6866.779220121084;3406:6879.133580121084;2825:6881.603300121084;1944:6882.914660121084;130:6885.302300121084;99:6885.782540121084;4526:6894.192140121084;714:6896.988980121084;2800:6898.995380121084;4339:6900.489140121084;2419:6905.0982201210845;5404:6909.325100121085;5421:6910.430420121084;1925:6910.573700121085;1883:6911.610980121084;926:6915.863540121084;925:6918.807860121084;5399:6928.1126601210835;1905:6929.439260121084;830:6930.616100121084;2795:6931.799780121084;918:6932.941940121084;3075:6940.814900121084;7097:6941.664260121084;7290:6947.4663801210845;2736:6956.184860121084;1744:6957.640100121084;1164:6968.748620121084;2789:6970.160420121084;1218:6971.283620121084;2982:6973.163772775659
1,0,default_vehtype,boarding,True,6973.163772775659,7003.163772775659,2982;-1;-1,2982;-1;-1,0.0,0.914803568991256,0.914803568991256,0.0,,0,91,1,,91,,
1,1,default_vehtype,route,False,6772.897444851321,6982.915908627036,2973;-1;-1,2992;-1;-1,2451.730441329418,0.6886421034570219,0.688396930412889,0.0,,0,92,1,,,2973;7354;4225;4614;7369;7607;5900;3459;4818;5992;6047;5708;3884;3030;3347;7376;2207;3446;3720;5332;251;2711;3358;2296;5495;5697;5497;5500;670;5502;5512;5520;5531;6313;6632;6644;3793;6319;7102;3741;7384;6414;5446;2447;2571;42;2577;2566;3033;3036;2469;2404;2235;3762;5287;310;2280;1447;6261;3764;4397;4745;4182;4187;4191;4195;4202;4208;537;18;5629;1068;2559;6740;1717;2067;2063;1937;2992,2973:6772.897444851321;7354:6776.694612161985;4225:6781.279140161985;4614:6784.814124161985;7369:6796.519236161985;7607:6796.748628161985;5900:6800.2203241619845;3459:6800.975892161984;4818:6801.590772161984;5992:6802.067556161985;6047:6806.256084161984;5708:6807.650364161985;3884:6810.189948161985;3030:6810.687972161985;3347:6812.712180161985;7376:6813.147564161985;2207:6813.556452161985;3446:6816.379860161986;3720:6819.409548161985;5332:6820.400988161985;251:6821.148564161985;2711:6822.286380161985;3358:6824.501388161985;2296:6832.802388161986;5495:6833.019228161986;5697:6834.122988161986;5497:6834.820428161986;5500:6837.727668161985;670:6839.125068161985;5502:6841.4725081619845;5512:6844.994268161984;5520:6847.448268161984;5531:6849.145188161984;6313:6850.170228161985;6632:6852.467268161985;6644:6854.038548161985;3793:6855.887748161985;6319:6856.803468161985;7102:6857.281548161985;3741:6857.8211881619845;7384:6865.480188161984;6414:6870.687348161984;5446:6872.955108161984;2447:6876.891228161984;2571:6884.480148161984;42:6889.148148161984;2577:6889.820628161984;2566:6898.419708161984;3033:6899.0506681619845;3036:6901.320228161984;2469:6904.912548161984;2404:6908.236068161984;2235:6909.519468161984;3762:6909.942900161984;5287:6910.481964161983;310:6913.272180161984;2280:6913.871292161984;1447:6914.317188161984;6261:6918.195180161983;3764:6919.200876161984;4397:6919.751532161984;4745:6919.977828161984;4182:6924.431604161984;4187:6927.093660161984;4191:6927.831948161984;4195:6942.295236161984;4202:6943.297764161984;4208:6944.279412161984;537:6945.233412161983;18:6951.100980161983;5629:6956.950404161983;1068:6959.502804161983;2559:6966.553404161982;6740:6971.024028161982;1717:6976.857756161981;2067:6977.595540161981;2063:6978.311796161981;1937:6981.581748161981;2992:6982.915908627036
1,1,default_vehtype,boarding,True,6982.915908627036,7012.915908627036,2992;-1;-1,2992;-1;-1,0.0,0.688396930412889,0.688396930412889,0.0,,0,92,1,,92,,
1,4,default_vehtype,route,False,6827.534179120071,7112.989213077004,2966;-1;-1,2974;-1;-1,2330.159411488732,0.9601286351027865,0.9598956191616376,0.0,,0,93,1,,,2966;2743;2631;2150;735;738;1096;3736;81;831;2413;1146;832;1880;1340;3638;1365;2574;7139;1693;1114;5299;7129;754;611;1812;1186;7311;3767;4527;3089;3131;5447;7352;414;122;3426;4305;793;118;3979;4275;103;6480;7360;3154;6028;2181;2180;146;2828;2974,2966:6827.534179120071;2743:6835.378007410471;2631:6839.3894359819;2150:6856.319721696185;735:6866.801893124757;738:6872.969721696186;1096:6882.508693124757;3736:6882.771709124757;81:6886.620613124757;831:6897.467197124757;2413:6898.454893124757;1146:6899.268277124757;832:6900.076693124757;1880:6902.674381124757;1340:6914.207197124757;3638:6915.1936691247565;1365:6917.135389124756;2574:6928.643269124756;7139:6934.909669124757;1693:6936.548269124757;1114:6952.888789124757;5299:6967.433989124756;7129:6968.784949124756;754:7012.345069124756;611:7013.593669124756;1812:7018.164829124757;1186:7019.342029124757;7311:7020.1576691247565;3767:7022.164069124757;4527:7024.960909124757;3089:7033.370509124757;3131:7033.8507491247565;5447:7036.238389124756;7352:7037.549749124756;414:7040.019469124756;122:7052.373829124756;3426:7053.627349124757;4305:7055.029669124757;793:7067.145229124757;118:7073.009509124757;3979:7074.860053124757;4275:7075.451389124757;103:7076.594317124757;6480:7089.916045124757;7360:7095.417925124757;3154:7096.509733124757;6028:7097.470861124757;2181:7101.702918267614;2180:7105.934975410471;146:7106.896103410471;2828:7107.9879114104715;2974:7112.989213077004
1,3,default_vehtype,route,False,6870.0,7162.244219541651,2991;-1;-1,2983;-1;-1,3171.84052357281,0.9343844938177165,0.9340673097653591,0.0,,0,96,1,,,2991;3010;5658;3008;4585;330;4588;5827;7412;4686;5074;5295;5274;7181;604;603;602;3851;4573;1400;971;598;1368;591;585;940;1370;939;1903;983;3921;840;2881;5099;2878;1735;2581;370;361;2874;1887;4059;910;6541;3462;3648;2851;2850;1801;1560;5242;922;6385;3550;6322;7280;2411;1661;7283;796;751;4635;6299;4102;4325;7285;1218;7334;7010;820;7498;276;2915;2661;7517;6201;7314;2983,2991:6870;3010:6874.047268930627;5658:6874.854868930627;3008:6882.9577489306275;4585:6905.286028930627;330:6914.881708930628;4588:6915.454108930628;5827:6917.7344209306275;7412:6920.633068930628;4686:6921.7037809306275;5074:6928.644292930628;5295:6928.8745489306275;5274:6932.253364930628;7181:6936.762652930628;604:6940.341052930628;603:6941.404636930629;602:6942.257764930629;3851:6943.261156930628;4573:6947.567476930628;1400:6949.300156930628;971:6953.098588930628;598:6954.165844930628;1368:6955.126180930628;591:6960.997132930628;585:6974.168380930628;940:6980.748244930628;1370:6987.774868930628;939:6988.471540930628;1903:6989.293132930628;983:6990.275644930628;3921:6994.073788930628;840:6998.634628930628;2881:7005.265252930629;5099:7006.4181169306285;2878:7007.546140930628;1735:7018.530460930628;2581:7019.8698769306275;370:7021.4527249306275;361:7023.9498289306275;2874:7024.535836930628;1887:7030.191220930627;4059:7032.110524930627;910:7036.6267249306275;6541:7037.290852930628;3462:7039.504492930628;3648:7039.834252930627;2851:7044.508492930628;2850:7045.441852930628;1801:7048.737532930628;1560:7053.478012930628;5242:7055.160652930628;922:7056.076564930629;6385:7059.298204930628;3550:7059.5600449306285;6322:7065.1972849306285;7280:7068.716044930628;2411:7074.551164930628;1661:7080.351004930628;7283:7081.400044930628;796:7090.192564930628;751:7092.100444930627;4635:7097.209084930628;6299:7103.168164930627;4102:7105.527484930627;4325:7110.818644930627;7285:7111.735564930626;1218:7112.858764930626;7334:7120.439884930626;7010:7123.347364930626;820:7125.328324930626;7498:7125.796324930626;276:7125.907924930626;2915:7137.2539249306255;2661:7144.487284930626;7517:7151.799244930626;6201:7152.660364930625;7314:7159.555684930625;2983:7162.244219541651
1,3,default_vehtype,boarding,True,7162.244219541651,7192.244219541651,2983;-1;-1,2983;-1;-1,0.0,0.9340673097653591,0.9340673097653591,0.0,,0,96,1,,96,,
1,4,default_vehtype,boarding,True,7112.989213077004,7142.989213077004,2974;-1;-1,2974;-1;-1,0.0,0.9598956191616376,0.9598956191616376,0.0,,0,93,1,,93,,
